,yearID,franchID,WSWin,R,H,HR,BB,SB,ERA,HA,HRA,BBA,SOA,E,WP
0,1969,ATL,N,691,1411,141,485,59.0,3.53,1334,144,438,893,115,57
1,1969,BAL,N,779,1465,175,634,82.0,2.83,1194,117,498,897,101,67
2,1969,BOS,N,743,1381,197,658,41.0,3.92,1423,155,685,935,157,53
3,1969,ANA,N,528,1221,88,516,54.0,3.54,1294,126,517,885,135,43
4,1969,CHW,N,625,1346,112,552,54.0,4.21,1470,146,564,810,122,41
5,1969,CHC,N,720,1400,142,559,30.0,3.34,1366,118,475,1017,136,56
6,1969,CIN,N,798,1558,171,474,79.0,4.11,1478,149,611,818,168,54
7,1969,CLE,N,573,1272,119,535,85.0,3.94,1330,134,681,1000,142,38
8,1969,DET,N,701,1316,182,578,35.0,3.31,1250,128,586,1032,126,55
9,1969,HOU,N,676,1284,104,699,101.0,3.6,1347,111,547,1221,150,50
10,1969,KCR,N,586,1311,98,522,129.0,3.72,1357,136,560,894,156,42
11,1969,LAD,N,645,1405,97,484,80.0,3.08,1324,122,420,975,109,52
12,1969,MIN,N,790,1520,163,599,115.0,3.24,1388,119,524,906,150,59
13,1969,WSN,N,582,1300,125,529,52.0,4.33,1429,145,702,973,184,32
14,1969,NYY,N,562,1247,94,565,119.0,3.23,1258,118,522,801,131,49
15,1969,NYM,Y,632,1311,109,527,66.0,2.99,1217,119,517,1012,122,61
16,1969,OAK,N,740,1400,148,617,100.0,3.71,1356,163,586,887,137,54
17,1969,PHI,N,645,1304,137,549,73.0,4.14,1494,134,570,921,136,38
18,1969,PIT,N,725,1557,119,454,74.0,3.61,1348,96,553,1124,155,54
19,1969,SDP,N,468,1203,99,423,45.0,4.24,1454,113,592,764,155,32
20,1969,MIL,N,639,1276,125,626,167.0,4.35,1490,172,653,963,167,39
21,1969,SFG,N,713,1325,136,711,71.0,3.26,1381,120,461,906,169,55
22,1969,STL,N,595,1403,90,503,87.0,2.94,1289,99,511,1004,138,53
23,1969,TEX,N,694,1365,148,630,52.0,3.49,1310,135,656,835,140,53
24,1970,ATL,N,736,1495,160,522,58.0,4.33,1451,185,478,960,140,46
25,1970,BAL,Y,792,1424,179,717,84.0,3.15,1317,139,469,941,117,66
26,1970,BOS,N,786,1450,203,594,50.0,3.87,1391,156,594,1003,156,53
27,1970,ANA,N,631,1391,114,447,69.0,3.48,1280,154,559,922,127,53
28,1970,CHW,N,633,1394,123,477,53.0,4.54,1554,164,556,762,165,34
29,1970,CHC,N,806,1424,179,607,39.0,3.76,1402,143,475,1000,137,51
30,1970,CIN,N,775,1498,191,547,115.0,3.69,1370,118,592,843,151,62
31,1970,CLE,N,649,1358,183,503,25.0,3.91,1333,163,689,1076,133,46
32,1970,DET,N,666,1282,148,656,29.0,4.09,1443,153,623,1045,132,48
33,1970,HOU,N,744,1446,129,598,114.0,4.23,1491,131,577,942,138,48
34,1970,KCR,N,611,1341,97,514,97.0,3.78,1346,138,641,915,152,40
35,1970,LAD,N,749,1515,87,541,138.0,3.82,1394,164,496,880,133,54
36,1970,MIN,N,744,1438,153,501,57.0,3.23,1329,130,486,940,123,60
37,1970,MIL,N,613,1305,126,592,91.0,4.21,1397,146,587,895,136,39
38,1970,WSN,N,687,1284,136,659,65.0,4.5,1434,162,716,914,141,45
39,1970,NYY,N,680,1381,111,588,105.0,3.24,1386,130,451,777,130,57
40,1970,NYM,N,695,1358,120,684,118.0,3.45,1260,135,575,1064,124,51
41,1970,OAK,N,678,1338,171,584,131.0,3.3,1253,134,542,858,141,54
42,1970,PHI,N,594,1299,101,519,72.0,4.17,1483,132,538,1047,112,45
43,1970,PIT,N,729,1522,130,444,66.0,3.7,1386,106,625,990,137,54
44,1970,SDP,N,681,1353,172,500,60.0,4.36,1483,149,611,886,157,38
45,1970,SFG,N,831,1460,165,729,83.0,4.5,1514,156,604,931,170,53
46,1970,STL,N,744,1497,113,569,117.0,4.06,1483,102,632,960,150,46
47,1970,TEX,N,626,1302,138,635,72.0,3.8,1375,139,611,823,116,43
48,1971,ATL,N,643,1434,153,434,57.0,3.75,1529,152,485,823,146,50
49,1971,BAL,N,742,1382,158,672,66.0,2.99,1257,125,416,793,112,63
50,1971,BOS,N,691,1360,161,552,51.0,3.8,1424,136,535,871,116,52
51,1971,ANA,N,511,1271,96,441,72.0,3.1,1246,101,607,904,131,46
52,1971,CHW,N,617,1346,138,562,83.0,3.12,1348,100,468,976,160,48
53,1971,CHC,N,637,1401,128,527,44.0,3.61,1458,132,411,900,126,51
54,1971,CIN,N,586,1306,138,438,59.0,3.35,1298,112,501,750,103,48
55,1971,CLE,N,543,1303,109,467,57.0,4.28,1352,154,770,937,116,37
56,1971,DET,N,701,1399,179,540,35.0,3.63,1355,126,609,1000,106,56
57,1971,HOU,N,585,1319,71,478,101.0,3.13,1318,75,475,914,104,48
58,1971,KCR,N,603,1323,80,490,130.0,3.25,1301,84,496,775,132,52
59,1971,LAD,N,663,1469,95,489,76.0,3.23,1363,110,399,853,131,54
60,1971,MIN,N,654,1406,116,512,66.0,3.81,1384,139,529,895,117,46
61,1971,MIL,N,534,1188,104,543,82.0,3.38,1303,130,569,795,138,42
62,1971,WSN,N,622,1312,88,543,51.0,4.12,1418,133,658,829,150,43
63,1971,NYY,N,648,1377,97,581,75.0,3.43,1382,126,423,707,125,50
64,1971,NYM,N,588,1365,98,547,89.0,2.99,1227,100,529,1157,112,51
65,1971,OAK,N,691,1383,160,542,80.0,3.05,1229,131,501,999,117,62
66,1971,PHI,N,558,1289,123,499,63.0,3.71,1396,132,525,838,121,41
67,1971,PIT,Y,788,1555,154,469,65.0,3.31,1426,108,470,813,133,59
68,1971,SDP,N,486,1250,96,438,70.0,3.22,1351,93,559,923,161,37
69,1971,SFG,N,706,1348,140,654,101.0,3.32,1324,128,471,831,177,55
70,1971,STL,N,739,1542,95,543,124.0,3.85,1482,104,576,911,142,55
71,1971,TEX,N,537,1219,86,575,68.0,3.7,1376,132,554,762,141,39
72,1972,ATL,N,628,1363,144,532,47.0,4.27,1412,155,512,732,156,45
73,1972,BAL,N,519,1153,100,507,78.0,2.53,1116,85,395,788,100,51
74,1972,BOS,N,640,1289,124,522,66.0,3.47,1309,101,512,918,130,54
75,1972,ANA,N,454,1249,78,358,57.0,3.06,1109,90,620,1000,114,48
76,1972,CHW,N,566,1208,108,511,100.0,3.12,1269,94,431,936,135,56
77,1972,CHC,N,685,1346,133,565,69.0,3.22,1329,112,421,824,132,54
78,1972,CIN,N,707,1317,124,606,140.0,3.21,1313,129,435,806,110,61
79,1972,CLE,N,472,1220,91,420,49.0,2.92,1232,123,534,846,111,46
80,1972,DET,N,558,1206,122,483,17.0,2.96,1212,101,465,952,96,55
81,1972,HOU,N,708,1359,134,524,111.0,3.77,1340,114,498,971,114,54
82,1972,KCR,N,580,1317,78,534,85.0,3.24,1293,85,405,801,116,49
83,1972,LAD,N,584,1349,98,480,82.0,2.78,1196,83,429,856,162,54
84,1972,MIN,N,537,1277,93,478,53.0,2.84,1188,105,444,838,159,50
85,1972,MIL,N,493,1204,88,472,64.0,3.45,1289,116,486,740,139,41
86,1972,WSN,N,513,1205,91,474,68.0,3.59,1281,103,579,888,134,44
87,1972,NYY,N,557,1288,103,491,71.0,3.05,1306,87,419,625,134,50
88,1972,NYM,N,528,1154,105,589,41.0,3.26,1263,118,486,1059,116,53
89,1972,OAK,Y,604,1248,134,463,87.0,2.58,1170,96,418,862,130,60
90,1972,PHI,N,503,1240,98,487,42.0,3.66,1318,117,536,927,116,37
91,1972,PIT,N,691,1505,110,404,49.0,2.81,1282,90,433,838,136,61
92,1972,SDP,N,488,1181,102,407,78.0,3.78,1350,121,618,960,144,37
93,1972,SFG,N,662,1281,150,480,123.0,3.69,1309,130,507,771,154,44
94,1972,STL,N,568,1383,70,437,104.0,3.42,1290,87,531,912,140,48
95,1972,TEX,N,461,1092,56,503,126.0,3.53,1258,92,613,868,166,35
96,1973,ATL,N,799,1497,206,608,84.0,4.25,1467,144,575,803,166,46
97,1973,BAL,N,754,1474,119,648,146.0,3.07,1297,124,475,715,119,59
98,1973,BOS,N,738,1472,147,581,114.0,3.65,1417,158,499,808,127,54
99,1973,ANA,N,629,1395,93,509,59.0,3.53,1351,104,614,1010,156,48
100,1973,CHW,N,652,1400,111,537,83.0,3.86,1484,110,574,848,144,47
101,1973,CHC,N,614,1322,117,575,65.0,3.66,1471,128,438,885,157,47
102,1973,CIN,N,741,1398,137,639,148.0,3.4,1389,135,518,801,115,61
103,1973,CLE,N,680,1429,158,471,60.0,4.58,1532,172,602,883,138,43
104,1973,DET,N,642,1400,157,509,28.0,3.9,1468,154,493,911,112,52
105,1973,HOU,N,681,1391,134,469,92.0,3.75,1389,111,575,907,112,50
106,1973,KCR,N,755,1440,114,644,105.0,4.19,1521,114,617,790,167,54
107,1973,LAD,N,675,1473,110,497,109.0,3.0,1270,129,461,961,125,58
108,1973,MIN,N,738,1521,120,598,87.0,3.77,1443,115,519,879,139,50
109,1973,MIL,N,708,1399,145,563,110.0,3.98,1476,119,623,671,145,45
110,1973,WSN,N,668,1345,125,695,77.0,3.71,1356,128,681,866,163,48
111,1973,NYY,N,641,1435,131,489,47.0,3.34,1379,109,457,708,156,49
112,1973,NYM,N,608,1345,85,540,27.0,3.26,1345,127,490,1027,126,50
113,1973,OAK,Y,758,1431,147,595,128.0,3.29,1311,143,494,797,137,58
114,1973,PHI,N,642,1381,134,476,51.0,3.99,1435,131,632,919,134,43
115,1973,PIT,N,704,1465,154,432,23.0,3.73,1426,110,564,839,151,49
116,1973,SDP,N,548,1330,112,401,88.0,4.16,1461,157,548,845,170,37
117,1973,SFG,N,739,1452,161,590,112.0,3.79,1442,145,485,787,163,54
118,1973,STL,N,643,1418,75,531,100.0,3.25,1366,105,486,867,158,50
119,1973,TEX,N,619,1397,110,503,91.0,4.64,1514,130,680,831,161,35
120,1974,ATL,N,661,1375,120,571,72.0,3.05,1343,97,488,772,132,53
121,1974,BAL,N,659,1418,116,509,145.0,3.27,1393,101,480,701,128,56
122,1974,BOS,N,696,1449,109,569,104.0,3.72,1462,126,463,751,145,51
123,1974,ANA,N,618,1372,95,509,119.0,3.52,1339,101,649,986,147,41
124,1974,CHW,N,684,1492,135,519,64.0,3.94,1470,103,548,826,147,49
125,1974,CHC,N,669,1397,110,621,78.0,4.28,1593,122,576,895,199,40
126,1974,CIN,N,776,1437,135,693,146.0,3.41,1364,126,536,875,134,60
127,1974,CLE,N,662,1395,131,432,79.0,3.8,1419,138,479,650,143,47
128,1974,DET,N,620,1375,131,436,67.0,4.16,1443,148,621,869,158,44
129,1974,HOU,N,653,1441,110,471,108.0,3.46,1396,84,601,738,108,50
130,1974,KCR,N,667,1448,89,550,146.0,3.51,1477,91,482,731,152,47
131,1974,LAD,N,798,1511,139,597,149.0,2.97,1272,112,464,943,157,62
132,1974,MIN,N,673,1530,111,520,74.0,3.64,1436,115,513,934,151,50
133,1974,MIL,N,647,1335,120,500,106.0,3.76,1476,126,493,621,127,46
134,1974,WSN,N,662,1355,86,652,124.0,3.6,1340,99,544,822,153,49
135,1974,NYY,N,671,1451,101,515,53.0,3.31,1402,104,528,829,142,54
136,1974,NYM,N,572,1286,96,597,43.0,3.42,1433,99,504,908,158,43
137,1974,OAK,Y,689,1315,132,568,164.0,2.95,1322,90,430,755,141,55
138,1974,PHI,N,676,1434,95,469,115.0,3.91,1394,111,682,892,148,49
139,1974,PIT,N,751,1560,114,514,55.0,3.49,1428,93,543,721,162,54
140,1974,SDP,N,541,1239,99,564,85.0,4.58,1536,124,715,855,170,37
141,1974,SFG,N,634,1380,93,548,107.0,3.78,1409,116,559,756,175,44
142,1974,STL,N,677,1492,83,531,172.0,3.48,1399,97,616,794,147,53
143,1974,TEX,N,690,1482,99,508,113.0,3.82,1423,126,449,871,163,52
144,1975,ATL,N,583,1323,107,543,55.0,3.91,1543,101,519,669,175,41
145,1975,BAL,N,682,1382,124,580,104.0,3.17,1285,110,500,717,107,56
146,1975,BOS,N,796,1500,134,565,66.0,3.98,1463,145,490,720,135,59
147,1975,ANA,N,628,1324,55,593,220.0,3.89,1386,123,613,975,184,44
148,1975,CHW,N,655,1400,94,611,101.0,3.93,1489,107,655,799,140,46
149,1975,CHC,N,712,1419,95,650,67.0,4.49,1587,130,551,850,178,46
150,1975,CIN,Y,840,1515,124,691,168.0,3.37,1422,112,487,663,102,66
151,1975,CLE,N,688,1409,153,525,106.0,3.84,1395,136,599,800,134,49
152,1975,DET,N,570,1338,125,383,63.0,4.27,1496,137,533,787,173,35
153,1975,HOU,N,664,1401,84,523,133.0,4.04,1436,106,679,839,137,39
154,1975,KCR,N,710,1431,118,591,155.0,3.47,1422,108,498,815,155,56
155,1975,LAD,N,648,1355,118,611,138.0,2.92,1215,104,448,894,127,54
156,1975,MIN,N,724,1497,121,563,81.0,4.05,1381,137,617,846,169,47
157,1975,MIL,N,675,1343,146,553,65.0,4.34,1496,133,624,643,180,41
158,1975,WSN,N,601,1346,98,579,108.0,3.72,1448,102,665,831,180,46
159,1975,NYY,N,681,1430,110,486,102.0,3.29,1325,104,502,809,135,51
160,1975,NYM,N,646,1430,101,501,32.0,3.39,1344,99,580,989,151,50
161,1975,OAK,N,758,1376,151,609,183.0,3.27,1267,102,523,784,143,60
162,1975,PHI,N,735,1506,125,610,126.0,3.82,1353,111,546,897,152,53
163,1975,PIT,N,712,1444,138,468,49.0,3.01,1302,79,551,768,151,57
164,1975,SDP,N,552,1324,78,506,85.0,3.48,1494,99,521,713,188,43
165,1975,SFG,N,659,1412,84,604,99.0,3.74,1406,92,612,856,145,49
166,1975,STL,N,662,1527,81,444,116.0,3.57,1452,98,571,824,171,50
167,1975,TEX,N,714,1431,134,613,102.0,3.86,1456,123,518,792,191,48
168,1976,ATL,N,620,1309,82,589,74.0,3.86,1435,86,564,818,167,43
169,1976,BAL,N,619,1326,119,519,150.0,3.32,1396,80,489,678,118,54
170,1976,BOS,N,716,1448,134,500,95.0,3.52,1495,109,409,673,139,51
171,1976,ANA,N,550,1265,63,534,126.0,3.36,1323,95,553,992,150,46
172,1976,CHW,N,586,1410,73,471,120.0,4.25,1460,87,600,802,130,39
173,1976,CHC,N,611,1386,105,490,74.0,3.93,1511,123,490,850,140,46
174,1976,CIN,Y,857,1599,141,681,210.0,3.51,1436,100,491,790,102,62
175,1976,CLE,N,615,1423,85,479,75.0,3.47,1361,80,533,928,121,50
176,1976,DET,N,609,1401,101,450,107.0,3.87,1426,101,550,738,168,45
177,1976,HOU,N,625,1401,66,530,150.0,3.56,1349,82,662,780,140,49
178,1976,KCR,N,713,1490,65,484,218.0,3.21,1356,83,493,735,139,55
179,1976,LAD,N,608,1371,91,486,144.0,3.02,1330,97,479,747,128,56
180,1976,MIN,N,743,1526,81,550,146.0,3.69,1421,89,610,762,172,52
181,1976,MIL,N,570,1326,88,511,62.0,3.64,1406,99,567,677,152,40
182,1976,WSN,N,531,1275,94,433,86.0,3.99,1442,89,659,783,147,33
183,1976,NYY,N,730,1496,120,470,163.0,3.19,1300,97,448,674,126,61
184,1976,NYM,N,615,1334,102,561,66.0,2.94,1248,97,419,1025,131,53
185,1976,OAK,N,686,1319,113,592,341.0,3.26,1412,96,415,711,144,54
186,1976,PHI,N,770,1505,110,542,127.0,3.08,1377,98,397,918,115,62
187,1976,PIT,N,708,1499,110,433,130.0,3.36,1402,95,460,762,163,56
188,1976,SDP,N,570,1327,64,488,92.0,3.65,1368,87,543,652,141,45
189,1976,SFG,N,595,1340,85,518,88.0,3.53,1464,68,518,746,183,45
190,1976,STL,N,629,1432,63,512,123.0,3.6,1416,91,581,731,174,44
191,1976,TEX,N,616,1390,80,568,87.0,3.45,1464,106,461,773,156,46
192,1977,ATL,N,678,1404,139,537,82.0,4.85,1581,169,701,915,175,37
193,1977,BAL,N,719,1433,148,560,90.0,3.74,1414,124,494,737,106,60
194,1977,BOS,N,859,1551,213,528,66.0,4.11,1555,158,378,758,132,60
195,1977,ANA,N,675,1380,131,542,159.0,3.72,1383,136,572,965,147,45
196,1977,CHW,N,844,1568,192,559,42.0,4.25,1557,136,516,842,159,55
197,1977,CHC,N,692,1489,111,534,64.0,4.01,1500,128,489,942,153,50
198,1977,CIN,N,802,1513,181,600,170.0,4.21,1469,156,544,868,95,54
199,1977,CLE,N,676,1476,100,531,87.0,4.1,1441,136,550,876,130,44
200,1977,DET,N,714,1480,166,452,60.0,4.13,1526,162,470,784,140,45
201,1977,HOU,N,680,1405,114,515,187.0,3.54,1384,110,545,871,142,50
202,1977,KCR,N,822,1549,146,522,170.0,3.52,1377,110,499,850,137,62
203,1977,LAD,N,769,1484,191,588,114.0,3.22,1393,119,438,930,124,60
204,1977,MIN,N,867,1588,123,563,105.0,4.36,1546,151,507,737,144,52
205,1977,MIL,N,639,1425,125,443,85.0,4.32,1461,136,566,719,139,41
206,1977,WSN,N,665,1474,138,478,88.0,4.01,1426,135,579,856,129,46
207,1977,NYY,Y,831,1576,184,533,93.0,3.61,1395,139,486,758,132,61
208,1977,NYM,N,587,1319,88,529,98.0,3.77,1378,118,490,911,134,39
209,1977,OAK,N,605,1284,117,516,176.0,4.04,1459,145,560,788,190,39
210,1977,PHI,N,847,1548,186,573,135.0,3.71,1451,134,482,856,120,62
211,1977,PIT,N,734,1550,133,474,260.0,3.61,1406,149,485,890,145,59
212,1977,SDP,N,692,1397,120,602,133.0,4.43,1556,160,673,827,189,42
213,1977,SEA,N,624,1398,133,426,110.0,4.83,1508,194,578,785,147,39
214,1977,SFG,N,673,1392,134,568,90.0,3.75,1501,114,529,854,178,46
215,1977,STL,N,737,1490,96,489,134.0,3.81,1420,139,532,768,139,51
216,1977,TEX,N,767,1497,135,596,154.0,3.56,1412,134,471,864,117,58
217,1977,TOR,N,605,1367,100,499,65.0,4.57,1538,152,623,771,163,33
218,1978,ATL,N,600,1313,123,550,90.0,4.08,1404,132,624,848,153,42
219,1978,BAL,N,659,1397,154,552,75.0,3.56,1340,107,509,754,110,55
220,1978,BOS,N,796,1493,172,582,74.0,3.54,1530,137,464,706,146,60
221,1978,ANA,N,691,1417,108,539,86.0,3.65,1382,125,599,892,136,53
222,1978,CHW,N,634,1423,106,409,83.0,4.21,1380,128,586,710,138,44
223,1978,CHC,N,664,1461,72,562,110.0,4.05,1475,125,539,768,144,48
224,1978,CIN,N,710,1378,136,636,137.0,3.81,1437,122,567,908,134,57
225,1978,CLE,N,639,1400,106,488,64.0,3.97,1397,100,568,739,121,43
226,1978,DET,N,714,1520,129,563,90.0,3.64,1441,135,503,684,117,53
227,1978,HOU,N,605,1408,70,434,178.0,3.63,1328,86,578,930,132,45
228,1978,KCR,N,743,1469,98,498,216.0,3.44,1350,108,478,657,150,56
229,1978,LAD,N,727,1435,149,610,137.0,3.12,1362,107,440,800,140,58
230,1978,MIN,N,666,1472,82,604,99.0,3.69,1468,102,520,703,146,45
231,1978,MIL,N,804,1530,173,520,95.0,3.65,1442,109,398,577,150,57
232,1978,WSN,N,633,1404,121,396,80.0,3.42,1332,117,572,740,134,46
233,1978,NYY,Y,735,1489,125,505,98.0,3.18,1321,111,478,817,113,61
234,1978,NYM,N,607,1332,86,549,100.0,3.87,1447,114,531,775,132,40
235,1978,OAK,N,532,1304,100,433,144.0,3.62,1401,106,582,750,179,42
236,1978,PHI,N,708,1404,133,552,152.0,3.33,1343,118,393,813,104,55
237,1978,PIT,N,684,1390,115,480,213.0,3.41,1366,103,499,880,166,54
238,1978,SDP,N,591,1349,75,536,152.0,3.28,1385,74,483,744,160,51
239,1978,SEA,N,614,1327,97,522,123.0,4.67,1540,155,567,630,141,35
240,1978,SFG,N,613,1331,117,554,87.0,3.3,1377,84,453,840,146,54
241,1978,STL,N,600,1351,79,420,97.0,3.58,1300,94,600,859,136,42
242,1978,TEX,N,692,1353,132,624,196.0,3.36,1431,108,421,776,153,53
243,1978,TOR,N,590,1358,98,448,28.0,4.54,1529,149,614,758,130,36
244,1979,ATL,N,669,1389,126,490,98.0,4.18,1496,132,494,779,183,41
245,1979,BAL,N,757,1401,181,608,99.0,3.26,1279,133,467,786,125,64
246,1979,BOS,N,841,1567,194,512,60.0,4.03,1487,133,463,731,142,56
247,1979,ANA,N,866,1563,164,589,100.0,4.34,1463,131,573,820,135,54
248,1979,CHW,N,730,1505,127,454,97.0,4.1,1365,114,618,675,173,45
249,1979,CHC,N,706,1494,135,478,73.0,3.88,1500,127,521,933,159,49
250,1979,CIN,N,731,1445,132,614,99.0,3.58,1415,103,485,773,124,55
251,1979,CLE,N,760,1388,138,657,143.0,4.57,1502,138,570,781,126,50
252,1979,DET,N,770,1446,164,575,176.0,4.27,1429,167,547,802,120,52
253,1979,HOU,N,583,1382,49,461,190.0,3.2,1278,90,504,854,137,54
254,1979,KCR,N,851,1596,116,528,207.0,4.45,1477,165,536,640,146,52
255,1979,LAD,N,739,1443,183,556,106.0,3.83,1425,101,555,811,118,48
256,1979,MIN,N,764,1544,112,526,66.0,4.13,1590,128,452,721,134,50
257,1979,MIL,N,807,1552,185,549,100.0,4.03,1563,162,381,580,127,59
258,1979,WSN,N,701,1445,143,432,121.0,3.14,1379,116,450,813,131,59
259,1979,NYY,N,734,1443,150,509,65.0,3.83,1446,123,455,731,122,55
260,1979,NYM,N,593,1399,74,498,135.0,3.84,1486,120,607,819,140,38
261,1979,OAK,N,573,1276,108,482,104.0,4.75,1606,147,654,726,174,33
262,1979,PHI,N,683,1453,119,602,128.0,4.16,1455,135,477,787,106,51
263,1979,PIT,Y,775,1541,148,483,180.0,3.41,1424,125,504,904,134,60
264,1979,SDP,N,603,1316,93,534,100.0,3.69,1438,108,513,779,140,42
265,1979,SEA,N,711,1490,132,515,126.0,4.58,1567,165,571,736,141,41
266,1979,SFG,N,672,1328,125,580,140.0,4.16,1484,143,577,880,161,43
267,1979,STL,N,731,1594,100,460,116.0,3.72,1449,127,501,788,132,52
268,1979,TEX,N,750,1549,140,461,79.0,3.86,1371,135,532,773,130,51
269,1979,TOR,N,613,1362,95,448,75.0,4.82,1537,165,594,613,158,32
270,1980,ATL,N,630,1352,144,434,73.0,3.77,1397,131,454,696,162,50
271,1980,BAL,N,805,1523,156,587,111.0,3.64,1438,134,507,789,95,61
272,1980,BOS,N,757,1588,162,475,79.0,4.38,1557,129,481,696,149,51
273,1980,ANA,N,698,1442,106,539,91.0,4.52,1548,141,529,725,134,40
274,1980,CHW,N,587,1408,91,399,68.0,3.92,1434,108,563,724,171,43
275,1980,CHC,N,614,1411,107,471,93.0,3.89,1525,109,589,923,174,39
276,1980,CIN,N,707,1445,113,537,156.0,3.85,1404,113,506,833,106,54
277,1980,CLE,N,738,1517,89,617,118.0,4.68,1519,137,552,843,105,49
278,1980,DET,N,830,1543,143,645,75.0,4.25,1505,152,558,741,129,51
279,1980,HOU,N,637,1455,75,540,194.0,3.1,1367,69,466,929,140,57
280,1980,KCR,N,809,1633,115,508,185.0,3.83,1496,129,465,614,141,59
281,1980,LAD,N,663,1462,148,492,123.0,3.25,1358,105,480,835,123,56
282,1980,MIN,N,670,1468,99,436,62.0,3.93,1502,120,468,744,146,47
283,1980,MIL,N,811,1555,203,455,131.0,3.71,1530,137,420,575,147,53
284,1980,WSN,N,694,1407,114,547,237.0,3.48,1447,100,460,823,144,55
285,1980,NYY,N,820,1484,189,643,86.0,3.58,1433,102,463,845,138,63
286,1980,NYM,N,611,1407,61,501,158.0,3.85,1473,140,510,886,154,41
287,1980,OAK,N,686,1424,137,506,175.0,3.46,1347,142,521,769,130,51
288,1980,PHI,Y,728,1517,117,472,140.0,3.43,1419,87,530,889,136,56
289,1980,PIT,N,666,1469,116,452,209.0,3.58,1422,110,451,832,137,51
290,1980,SDP,N,591,1410,67,563,239.0,3.65,1474,97,536,728,131,44
291,1980,SEA,N,610,1359,104,483,116.0,4.38,1565,159,540,703,149,36
292,1980,SFG,N,573,1310,80,509,100.0,3.46,1446,92,492,811,156,46
293,1980,STL,N,738,1541,101,451,117.0,3.93,1454,90,495,664,122,45
294,1980,TEX,N,756,1616,124,480,91.0,4.02,1561,119,519,890,147,46
295,1980,TOR,N,624,1398,126,448,67.0,4.19,1523,135,635,705,133,41
296,1981,ATL,N,395,886,64,321,98.0,3.45,936,62,330,471,102,46
297,1981,BAL,N,429,883,88,404,41.0,3.7,923,83,347,489,68,56
298,1981,BOS,N,519,1052,90,378,32.0,3.81,983,90,354,536,91,54
299,1981,ANA,N,476,944,97,393,44.0,3.7,958,81,323,426,101,46
300,1981,CHW,N,476,982,76,322,86.0,3.47,891,73,336,529,87,50
301,1981,CHC,N,370,838,57,342,72.0,4.01,983,59,388,532,113,35
302,1981,CIN,N,464,972,64,375,58.0,3.73,863,67,393,593,80,61
303,1981,CLE,N,431,922,39,343,119.0,3.88,989,67,311,569,87,50
304,1981,DET,N,427,922,65,404,61.0,3.53,840,83,373,476,65,55
305,1981,HOU,N,394,948,45,340,81.0,2.66,842,40,300,610,87,55
306,1981,KCR,N,397,952,61,301,100.0,3.56,909,75,273,404,72,48
307,1981,LAD,Y,450,984,82,331,73.0,3.01,904,54,302,603,87,57
308,1981,MIN,N,378,884,47,275,34.0,3.98,1021,79,376,500,93,37
309,1981,MIL,N,493,961,96,300,39.0,3.91,994,72,352,448,79,56
310,1981,WSN,N,443,883,81,368,138.0,3.3,902,58,268,520,81,55
311,1981,NYY,N,421,889,100,391,47.0,2.9,827,64,287,606,72,55
312,1981,NYM,N,348,868,57,304,103.0,3.55,906,74,336,490,130,39
313,1981,OAK,N,458,910,104,342,98.0,3.3,883,80,370,505,81,58
314,1981,PHI,N,491,1002,69,372,103.0,4.05,967,72,347,580,86,55
315,1981,PIT,N,407,920,55,278,122.0,3.56,953,60,346,492,86,44
316,1981,SDP,N,382,963,32,311,83.0,3.72,1013,64,414,492,102,37
317,1981,SEA,N,426,950,89,329,100.0,4.23,1039,76,360,478,91,40
318,1981,SFG,N,427,941,63,386,89.0,3.28,970,57,393,561,99,50
319,1981,STL,N,464,936,50,379,88.0,3.63,902,52,290,388,82,57
320,1981,TEX,N,452,968,49,295,46.0,3.4,891,67,322,488,69,54
321,1981,TOR,N,329,797,61,284,66.0,3.82,908,72,377,451,105,34
322,1982,ATL,N,739,1411,146,554,151.0,3.82,1484,126,502,813,137,54
323,1982,BAL,N,774,1478,179,634,49.0,3.99,1436,147,488,719,101,57
324,1982,BOS,N,753,1536,136,547,42.0,4.03,1557,155,478,816,121,54
325,1982,ANA,N,814,1518,186,613,55.0,3.82,1436,124,482,728,106,57
326,1982,CHW,N,786,1523,136,533,136.0,3.87,1502,99,460,753,154,53
327,1982,CHC,N,676,1436,102,460,132.0,3.92,1510,125,452,764,132,45
328,1982,CIN,N,545,1375,82,470,131.0,3.66,1414,105,570,998,128,37
329,1982,CLE,N,683,1458,109,651,151.0,4.11,1433,122,589,882,123,48
330,1982,DET,N,729,1489,177,470,93.0,3.8,1371,172,554,740,115,51
331,1982,HOU,N,569,1342,74,435,140.0,3.42,1338,87,479,899,136,47
332,1982,KCR,N,784,1603,132,442,133.0,4.08,1443,163,471,650,127,55
333,1982,LAD,N,691,1487,138,528,151.0,3.26,1356,81,468,932,139,54
334,1982,MIN,N,657,1427,148,474,38.0,4.72,1484,208,643,812,105,37
335,1982,MIL,N,891,1599,216,484,84.0,3.98,1514,152,511,717,125,58
336,1982,WSN,N,697,1454,133,503,156.0,3.31,1371,110,448,936,122,53
337,1982,NYY,N,709,1417,161,590,69.0,3.99,1471,113,491,939,128,48
338,1982,NYM,N,609,1361,97,456,137.0,3.88,1508,119,582,759,175,40
339,1982,OAK,N,691,1286,149,582,232.0,4.54,1506,177,648,697,160,41
340,1982,PHI,N,664,1417,112,506,128.0,3.61,1395,86,472,1002,121,54
341,1982,PIT,N,724,1535,134,447,161.0,3.81,1434,118,521,933,145,51
342,1982,SDP,N,675,1435,81,429,165.0,3.52,1348,139,502,765,152,50
343,1982,SEA,N,651,1431,130,456,131.0,3.88,1431,173,547,1002,138,46
344,1982,SFG,N,673,1393,133,607,130.0,3.64,1507,109,466,810,173,53
345,1982,STL,Y,685,1439,67,569,200.0,3.37,1420,94,502,689,124,56
346,1982,TEX,N,590,1354,115,447,63.0,4.28,1554,128,483,690,121,39
347,1982,TOR,N,651,1447,106,415,118.0,3.95,1428,147,493,776,136,48
348,1983,ATL,N,746,1489,130,582,146.0,3.67,1412,132,540,895,137,54
349,1983,BAL,Y,799,1492,168,601,61.0,3.63,1451,130,452,774,121,60
350,1983,BOS,N,724,1512,142,536,30.0,4.34,1572,158,493,767,130,48
351,1983,ANA,N,722,1467,154,509,41.0,4.31,1636,130,496,668,154,43
352,1983,CHW,N,800,1439,157,527,165.0,3.67,1355,128,447,877,120,61
353,1983,CHC,N,701,1436,140,470,84.0,4.08,1496,117,498,807,115,43
354,1983,CIN,N,623,1274,107,588,154.0,3.98,1365,135,627,934,114,45
355,1983,CLE,N,704,1451,86,605,109.0,4.43,1531,120,529,794,122,43
356,1983,DET,N,789,1530,156,508,93.0,3.8,1318,170,522,875,124,56
357,1983,HOU,N,643,1412,97,517,164.0,3.45,1276,94,570,904,147,52
358,1983,KCR,N,696,1515,109,397,182.0,4.25,1535,133,471,593,164,48
359,1983,LAD,N,654,1358,146,541,166.0,3.1,1336,97,495,1000,168,55
360,1983,MIN,N,709,1463,141,467,44.0,4.66,1559,163,580,748,118,43
361,1983,MIL,N,764,1556,132,475,101.0,4.02,1513,133,491,689,113,53
362,1983,WSN,N,677,1482,102,509,138.0,3.58,1406,120,479,899,116,50
363,1983,NYY,N,770,1535,153,533,84.0,3.86,1449,116,455,892,139,56
364,1983,NYM,N,575,1314,112,436,141.0,3.68,1384,97,615,717,151,41
365,1983,OAK,N,708,1447,121,524,235.0,4.34,1462,135,626,719,157,45
366,1983,PHI,N,696,1352,125,640,143.0,3.34,1429,111,464,1092,152,55
367,1983,PIT,N,659,1460,121,497,124.0,3.55,1378,109,563,1061,115,51
368,1983,SDP,N,653,1384,93,482,179.0,3.62,1389,144,528,850,129,49
369,1983,SEA,N,558,1280,111,460,144.0,4.12,1455,145,544,910,134,37
370,1983,SFG,N,687,1324,142,619,140.0,3.7,1431,127,520,881,171,48
371,1983,STL,N,679,1496,83,543,207.0,3.79,1479,115,525,709,152,48
372,1983,TEX,N,639,1429,106,442,119.0,3.31,1392,97,471,826,113,47
373,1983,TOR,N,795,1546,167,510,131.0,4.12,1434,145,517,835,115,54
374,1984,ATL,N,632,1338,111,555,140.0,3.57,1401,122,525,859,139,49
375,1984,BAL,N,681,1374,160,620,51.0,3.71,1393,137,512,714,123,52
376,1984,BOS,N,810,1598,181,500,38.0,4.18,1524,141,517,927,143,53
377,1984,ANA,N,696,1363,150,556,80.0,3.96,1526,143,474,754,128,50
378,1984,CHW,N,679,1360,172,523,109.0,4.13,1416,155,483,840,122,45
379,1984,CHC,N,762,1415,136,567,154.0,3.75,1458,99,442,879,121,59
380,1984,CIN,N,627,1342,106,566,160.0,4.16,1445,128,578,946,139,43
381,1984,CLE,N,761,1498,123,600,126.0,4.26,1523,141,545,803,146,46
382,1984,DET,Y,829,1529,187,602,106.0,3.49,1358,130,489,914,124,64
383,1984,HOU,N,693,1465,79,494,105.0,3.32,1350,91,502,950,133,49
384,1984,KCR,N,673,1487,117,400,106.0,3.92,1426,136,433,724,129,51
385,1984,LAD,N,580,1316,102,488,109.0,3.17,1381,76,499,1033,163,48
386,1984,MIN,N,673,1473,114,437,39.0,3.85,1429,159,463,713,120,50
387,1984,MIL,N,641,1446,96,432,52.0,4.06,1532,137,480,785,136,41
388,1984,WSN,N,593,1367,96,470,131.0,3.31,1333,114,474,861,132,48
389,1984,NYY,N,758,1560,130,534,62.0,3.78,1485,120,518,992,142,53
390,1984,NYM,N,652,1400,107,500,149.0,3.6,1371,104,573,1028,129,55
391,1984,OAK,N,738,1415,158,568,145.0,4.48,1554,155,592,695,146,47
392,1984,PHI,N,720,1494,147,555,186.0,3.62,1416,101,448,904,161,50
393,1984,PIT,N,615,1412,98,438,96.0,3.11,1344,102,502,995,128,46
394,1984,SDP,N,686,1425,109,472,152.0,3.48,1327,122,563,812,138,56
395,1984,SEA,N,682,1429,129,519,116.0,4.31,1497,138,619,972,126,45
396,1984,SFG,N,682,1499,112,528,126.0,4.39,1589,125,549,854,169,40
397,1984,STL,N,652,1369,75,516,220.0,3.58,1427,94,494,808,118,51
398,1984,TEX,N,656,1452,120,420,81.0,3.91,1443,148,518,863,138,42
399,1984,TOR,N,750,1555,143,460,193.0,3.86,1433,140,528,875,123,54
400,1985,ATL,N,632,1359,126,553,72.0,4.19,1512,134,642,776,159,40
401,1985,BAL,N,818,1451,214,604,69.0,4.38,1480,160,568,793,115,51
402,1985,BOS,N,800,1615,162,562,66.0,4.06,1487,130,540,913,145,49
403,1985,ANA,N,732,1364,153,648,106.0,3.91,1453,171,514,767,112,55
404,1985,CHW,N,736,1386,146,471,108.0,4.07,1411,161,569,1023,111,52
405,1985,CHC,N,686,1397,150,562,182.0,4.16,1492,156,519,820,134,47
406,1985,CIN,N,677,1385,114,576,159.0,3.71,1347,131,535,910,121,54
407,1985,CLE,N,729,1465,116,492,132.0,4.91,1556,170,547,702,141,37
408,1985,DET,N,729,1413,202,526,75.0,3.78,1313,141,556,943,141,52
409,1985,HOU,N,706,1457,121,477,96.0,3.66,1393,119,543,909,152,51
410,1985,KCR,Y,687,1384,154,473,128.0,3.49,1433,103,463,846,127,56
411,1985,LAD,N,682,1434,129,539,136.0,2.96,1280,102,462,979,166,58
412,1985,MIN,N,705,1453,141,502,68.0,4.48,1468,164,462,767,120,47
413,1985,MIL,N,690,1467,101,462,69.0,4.39,1510,175,499,777,142,44
414,1985,WSN,N,633,1342,118,492,169.0,3.55,1346,99,509,870,121,52
415,1985,NYY,N,839,1458,176,620,155.0,3.69,1373,157,518,907,123,60
416,1985,NYM,N,695,1425,134,546,117.0,3.11,1306,111,515,1039,115,60
417,1985,OAK,N,757,1475,155,508,117.0,4.41,1451,172,607,785,140,47
418,1985,PHI,N,667,1343,141,527,122.0,3.68,1424,115,596,899,139,46
419,1985,PIT,N,568,1340,80,514,110.0,3.97,1406,107,584,962,133,35
420,1985,SDP,N,650,1405,109,513,60.0,3.4,1399,127,443,727,124,51
421,1985,SEA,N,719,1410,171,564,94.0,4.68,1456,154,637,868,122,45
422,1985,SFG,N,556,1263,115,488,99.0,3.61,1348,125,572,985,144,38
423,1985,STL,N,747,1446,87,586,314.0,3.1,1343,98,453,798,108,62
424,1985,TEX,N,617,1359,129,530,130.0,4.56,1479,173,501,863,119,38
425,1985,TOR,N,759,1482,158,503,144.0,3.31,1312,147,484,823,125,61
426,1986,ATL,N,615,1348,138,538,93.0,3.97,1443,117,576,932,141,44
427,1986,BAL,N,708,1425,169,563,64.0,4.3,1451,177,535,954,135,45
428,1986,BOS,N,794,1488,144,595,41.0,3.93,1469,167,474,1033,129,59
429,1986,ANA,N,786,1387,167,671,109.0,3.84,1356,153,478,955,107,56
430,1986,CHW,N,644,1335,121,487,115.0,3.93,1361,143,561,895,117,44
431,1986,CHC,N,680,1409,155,508,132.0,4.49,1546,143,557,962,124,43
432,1986,CIN,N,732,1404,144,586,177.0,3.91,1465,136,524,924,140,53
433,1986,CLE,N,831,1620,157,456,141.0,4.58,1548,167,605,744,156,51
434,1986,DET,N,798,1447,198,613,138.0,4.02,1374,183,571,880,108,53
435,1986,HOU,N,654,1388,125,536,163.0,3.15,1203,116,523,1160,130,59
436,1986,KCR,N,654,1403,137,474,97.0,3.82,1413,121,479,888,123,46
437,1986,LAD,N,638,1373,130,478,155.0,3.76,1428,115,499,1051,179,45
438,1986,MIN,N,741,1446,196,501,81.0,4.77,1579,200,503,937,118,43
439,1986,MIL,N,667,1393,127,530,100.0,4.01,1478,158,494,952,146,47
440,1986,WSN,N,637,1401,110,537,193.0,3.78,1350,119,566,1051,133,48
441,1986,NYY,N,797,1512,188,645,139.0,4.11,1461,175,492,878,127,55
442,1986,NYM,Y,783,1462,148,631,118.0,3.11,1304,103,509,1083,138,66
443,1986,OAK,N,731,1370,163,553,139.0,4.31,1334,166,667,937,135,46
444,1986,PHI,N,739,1386,154,589,153.0,3.85,1473,130,553,874,137,53
445,1986,PIT,N,663,1366,111,569,152.0,3.9,1397,138,570,924,142,39
446,1986,SDP,N,656,1442,136,484,96.0,3.99,1406,150,607,934,135,45
447,1986,SEA,N,718,1392,158,572,93.0,4.65,1590,171,585,944,156,41
448,1986,SFG,N,698,1394,114,536,148.0,3.33,1264,121,591,992,143,51
449,1986,STL,N,601,1270,58,568,262.0,3.37,1364,135,485,761,123,49
450,1986,TEX,N,771,1479,184,511,103.0,4.11,1356,145,736,1059,120,53
451,1986,TOR,N,809,1540,181,496,110.0,4.08,1467,164,487,1002,100,52
452,1987,ATL,N,747,1401,152,641,135.0,4.63,1529,163,587,837,116,42
453,1987,BAL,N,729,1437,211,524,69.0,5.01,1555,226,547,870,109,41
454,1987,BOS,N,842,1554,174,606,77.0,4.77,1584,190,517,1034,110,48
455,1987,ANA,N,770,1406,172,590,125.0,4.38,1481,212,504,941,117,46
456,1987,CHW,N,748,1427,173,487,138.0,4.3,1436,189,537,792,115,47
457,1987,CHC,N,720,1475,209,504,109.0,4.55,1524,159,628,1024,130,47
458,1987,CIN,N,783,1478,192,514,169.0,4.24,1486,170,485,919,128,51
459,1987,CLE,N,742,1476,187,489,140.0,5.28,1566,219,606,849,152,37
460,1987,DET,N,896,1535,225,653,106.0,4.02,1430,180,563,976,122,60
461,1987,HOU,N,648,1386,122,526,162.0,3.84,1363,141,525,1137,115,46
462,1987,KCR,N,715,1443,168,523,125.0,3.86,1424,128,548,923,131,51
463,1987,LAD,N,635,1389,125,445,128.0,3.72,1415,130,565,1097,155,45
464,1987,MIN,Y,786,1422,196,523,113.0,4.63,1465,210,564,990,98,52
465,1987,MIL,N,862,1552,163,598,176.0,4.62,1548,169,529,1039,145,56
466,1987,WSN,N,741,1467,120,501,166.0,3.92,1428,145,446,1012,147,56
467,1987,NYY,N,788,1445,196,604,105.0,4.36,1475,179,542,900,102,54
468,1987,NYM,N,823,1499,192,592,159.0,3.84,1407,135,510,1032,137,56
469,1987,OAK,N,806,1432,199,593,140.0,4.32,1442,176,531,1042,142,50
470,1987,PHI,N,702,1390,169,587,111.0,4.18,1453,167,587,877,121,49
471,1987,PIT,N,723,1464,131,535,140.0,4.2,1377,164,562,914,123,49
472,1987,SDP,N,668,1419,113,577,198.0,4.27,1402,175,602,897,146,40
473,1987,SEA,N,760,1499,161,500,174.0,4.49,1503,199,497,919,121,48
474,1987,SFG,N,783,1458,205,511,126.0,3.68,1407,146,547,1038,129,55
475,1987,STL,N,798,1449,94,644,248.0,3.91,1484,129,533,873,116,58
476,1987,TEX,N,823,1478,194,567,120.0,4.63,1388,199,760,1103,148,46
477,1987,TOR,N,845,1514,215,555,126.0,3.74,1323,158,567,1064,111,59
478,1988,ATL,N,555,1319,96,432,95.0,4.09,1481,108,524,810,151,33
479,1988,BAL,N,550,1275,137,504,69.0,4.54,1506,153,523,709,118,33
480,1988,BOS,N,813,1569,124,623,65.0,3.97,1415,143,493,1085,93,54
481,1988,ANA,N,714,1458,124,469,86.0,4.32,1503,135,568,817,135,46
482,1988,CHW,N,631,1327,132,446,98.0,4.12,1467,138,533,754,154,44
483,1988,CHC,N,660,1481,113,403,120.0,3.84,1494,115,490,897,125,47
484,1988,CIN,N,641,1334,122,479,207.0,3.35,1271,121,504,934,121,54
485,1988,CLE,N,666,1435,134,416,97.0,4.16,1501,120,442,812,124,48
486,1988,DET,N,703,1358,143,588,87.0,3.71,1361,150,497,890,109,54
487,1988,HOU,N,617,1338,96,474,198.0,3.41,1339,123,478,1049,138,50
488,1988,KCR,N,704,1419,121,486,137.0,3.65,1415,102,465,886,124,52
489,1988,LAD,Y,628,1346,99,437,131.0,2.96,1291,84,473,1029,142,58
490,1988,MIN,N,759,1508,151,528,107.0,3.93,1457,146,453,897,83,56
491,1988,MIL,N,682,1409,113,439,159.0,3.45,1355,125,437,832,120,53
492,1988,WSN,N,628,1400,107,454,189.0,3.08,1310,122,476,923,142,49
493,1988,NYY,N,772,1469,148,588,146.0,4.26,1512,157,487,861,134,52
494,1988,NYM,N,703,1387,152,544,140.0,2.91,1253,78,404,1100,115,62
495,1988,OAK,N,800,1474,156,580,129.0,3.44,1376,116,553,983,105,64
496,1988,PHI,N,597,1294,106,489,112.0,4.14,1447,118,628,859,145,40
497,1988,PIT,N,651,1327,110,553,119.0,3.47,1349,108,469,790,124,53
498,1988,SDP,N,594,1325,94,494,123.0,3.28,1332,112,439,885,116,51
499,1988,SEA,N,664,1397,148,461,95.0,4.15,1385,144,558,981,123,42
500,1988,SFG,N,670,1353,113,550,121.0,3.39,1323,99,422,875,129,51
501,1988,STL,N,578,1373,71,484,234.0,3.47,1387,91,486,881,121,46
502,1988,TEX,N,637,1378,112,542,130.0,4.05,1310,129,654,912,129,43
503,1988,TOR,N,763,1491,158,521,107.0,3.8,1404,143,528,904,110,53
504,1989,ATL,N,584,1281,128,485,83.0,3.7,1370,114,468,966,152,39
505,1989,BAL,N,708,1369,129,593,118.0,4.0,1518,134,486,676,87,53
506,1989,BOS,N,774,1571,108,643,56.0,4.01,1448,131,548,1054,127,51
507,1989,ANA,N,669,1422,145,429,89.0,3.28,1384,113,465,897,96,56
508,1989,CHW,N,693,1493,94,464,97.0,4.23,1472,144,539,778,151,42
509,1989,CHC,N,702,1438,124,472,136.0,3.43,1369,106,532,918,119,57
510,1989,CIN,N,632,1362,128,493,128.0,3.73,1404,125,559,981,121,46
511,1989,CLE,N,604,1340,127,499,74.0,3.65,1423,107,452,844,118,45
512,1989,DET,N,617,1315,116,585,103.0,4.53,1514,150,652,831,130,36
513,1989,HOU,N,647,1316,97,530,144.0,3.64,1379,105,551,965,140,53
514,1989,KCR,N,690,1428,101,554,154.0,3.55,1415,86,455,978,111,56
515,1989,LAD,N,554,1313,89,507,81.0,2.95,1278,95,504,1052,118,48
516,1989,MIN,N,740,1542,117,478,111.0,4.28,1495,139,500,851,107,49
517,1989,MIL,N,707,1415,126,455,165.0,3.8,1463,129,457,812,155,50
518,1989,WSN,N,632,1353,100,572,160.0,3.48,1344,120,519,1059,136,50
519,1989,NYY,N,698,1470,130,502,137.0,4.5,1550,150,521,787,122,45
520,1989,NYM,N,683,1351,147,504,158.0,3.29,1260,115,532,1108,144,53
521,1989,OAK,Y,712,1414,127,562,157.0,3.09,1287,103,510,930,129,61
522,1989,PHI,N,629,1324,123,558,106.0,4.04,1408,127,613,899,133,41
523,1989,PIT,N,637,1334,95,563,155.0,3.64,1394,121,539,827,160,45
524,1989,SDP,N,642,1360,120,552,136.0,3.38,1359,133,481,933,152,54
525,1989,SEA,N,694,1417,134,489,81.0,4.0,1422,114,560,897,143,45
526,1989,SFG,N,699,1365,141,508,87.0,3.3,1320,120,471,802,113,56
527,1989,STL,N,632,1418,73,507,155.0,3.36,1330,84,482,844,111,52
528,1989,TEX,N,695,1433,122,503,101.0,3.91,1279,119,654,1112,136,51
529,1989,TOR,N,731,1449,142,521,144.0,3.58,1408,99,478,849,126,54
530,1990,ATL,N,682,1376,162,473,92.0,4.58,1527,128,579,938,158,40
531,1990,BAL,N,669,1328,132,660,94.0,4.04,1445,161,537,776,91,47
532,1990,BOS,N,699,1502,106,598,53.0,3.72,1439,92,519,997,123,54
533,1990,ANA,N,690,1448,147,566,69.0,3.79,1482,106,544,944,140,49
534,1990,CHW,N,682,1393,106,478,140.0,3.61,1313,106,548,914,124,58
535,1990,CHC,N,690,1474,136,406,151.0,4.34,1510,121,572,877,122,47
536,1990,CIN,Y,693,1466,125,466,166.0,3.39,1338,124,543,1029,102,56
537,1990,CLE,N,732,1465,110,458,107.0,4.26,1491,163,518,860,117,47
538,1990,DET,N,750,1418,172,634,82.0,4.39,1401,154,661,856,131,48
539,1990,HOU,N,573,1301,94,548,179.0,3.61,1396,130,496,854,131,46
540,1990,KCR,N,707,1465,100,498,107.0,3.93,1449,116,560,1006,122,46
541,1990,LAD,N,728,1436,129,538,141.0,3.72,1364,137,478,1021,130,53
542,1990,MIN,N,666,1458,100,445,96.0,4.12,1509,134,489,872,101,45
543,1990,MIL,N,732,1408,128,519,164.0,4.08,1558,121,469,771,149,45
544,1990,WSN,N,662,1363,114,576,235.0,3.37,1349,127,510,991,110,52
545,1990,NYY,N,603,1322,147,427,119.0,4.21,1430,144,618,909,126,41
546,1990,NYM,N,775,1410,172,536,110.0,3.42,1339,119,444,1217,132,56
547,1990,OAK,N,733,1379,164,651,141.0,3.18,1287,123,494,831,87,63
548,1990,PHI,N,646,1410,103,582,108.0,4.07,1381,124,651,840,117,47
549,1990,PIT,N,733,1395,138,582,137.0,3.4,1367,135,413,848,134,58
550,1990,SDP,N,673,1429,123,509,138.0,3.68,1437,147,507,928,141,46
551,1990,SEA,N,640,1419,107,596,105.0,3.69,1319,120,606,1064,130,47
552,1990,SFG,N,719,1459,152,488,109.0,4.08,1477,131,553,788,107,52
553,1990,STL,N,599,1398,73,517,221.0,3.87,1432,98,475,833,129,43
554,1990,TEX,N,676,1416,110,575,115.0,3.83,1343,113,623,997,133,51
555,1990,TOR,N,767,1479,167,526,111.0,3.84,1434,143,445,892,86,53
556,1991,ATL,N,749,1407,141,563,165.0,3.49,1304,118,481,969,138,58
557,1991,BAL,N,686,1421,170,528,50.0,4.59,1534,147,504,868,89,41
558,1991,BOS,N,731,1486,126,593,59.0,4.01,1405,147,530,999,116,51
559,1991,ANA,N,653,1396,115,448,94.0,3.69,1351,141,543,990,102,50
560,1991,CHW,N,758,1464,139,610,134.0,3.79,1302,154,601,923,116,53
561,1991,CHC,N,695,1395,159,442,123.0,4.03,1415,117,542,927,113,48
562,1991,CIN,N,689,1419,164,488,124.0,3.83,1372,127,560,997,125,45
563,1991,CLE,N,576,1390,79,449,84.0,4.23,1551,110,441,862,142,35
564,1991,DET,N,817,1372,209,699,109.0,4.51,1570,148,593,739,104,51
565,1991,HOU,N,605,1345,79,502,125.0,4.0,1347,129,651,1033,161,40
566,1991,KCR,N,727,1475,117,523,119.0,3.92,1473,105,529,1004,125,50
567,1991,LAD,N,665,1366,108,583,126.0,3.06,1312,96,500,1028,123,57
568,1991,MIN,Y,776,1557,140,526,107.0,3.69,1402,139,488,876,94,58
569,1991,MIL,N,799,1523,116,556,106.0,4.14,1498,147,527,859,118,51
570,1991,WSN,N,579,1329,95,484,221.0,3.64,1304,111,584,909,131,44
571,1991,NYY,N,674,1418,147,473,109.0,4.42,1510,152,506,936,133,43
572,1991,NYM,N,640,1305,117,578,153.0,3.56,1403,108,410,1028,143,47
573,1991,OAK,N,760,1342,159,642,151.0,4.57,1425,155,655,892,107,51
574,1991,PHI,N,629,1332,111,490,92.0,3.86,1346,111,670,988,116,48
575,1991,PIT,N,768,1433,126,620,124.0,3.44,1411,117,401,919,120,60
576,1991,SDP,N,636,1321,121,501,101.0,3.57,1385,139,457,921,113,51
577,1991,SEA,N,702,1400,126,588,97.0,3.79,1387,136,628,1003,110,51
578,1991,SFG,N,649,1345,141,471,95.0,4.03,1397,143,544,905,108,46
579,1991,STL,N,651,1366,68,532,202.0,3.69,1367,114,454,822,105,51
580,1991,TEX,N,829,1539,177,596,102.0,4.47,1486,151,662,1022,134,52
581,1991,TOR,N,684,1412,133,499,148.0,3.5,1301,121,523,971,127,56
582,1992,ATL,N,682,1391,138,493,126.0,3.14,1321,89,489,948,109,60
583,1992,BAL,N,705,1423,148,647,89.0,3.79,1419,124,518,846,93,54
584,1992,BOS,N,599,1343,84,591,44.0,3.58,1403,107,535,943,139,45
585,1992,ANA,N,579,1306,88,416,160.0,3.84,1449,130,532,888,134,44
586,1992,CHW,N,738,1434,110,622,160.0,3.82,1400,123,550,810,129,53
587,1992,CHC,N,593,1420,104,417,77.0,3.39,1337,107,575,901,114,48
588,1992,CIN,N,660,1418,99,563,125.0,3.46,1362,109,470,1060,96,55
589,1992,CLE,N,674,1495,127,448,144.0,4.11,1507,159,566,890,141,46
590,1992,DET,N,791,1411,182,675,66.0,4.6,1534,155,564,693,116,46
591,1992,HOU,N,608,1350,96,506,139.0,3.72,1386,114,539,978,112,50
592,1992,KCR,N,610,1411,75,439,131.0,3.81,1426,106,512,834,122,44
593,1992,LAD,N,548,1333,72,503,142.0,3.41,1401,82,553,981,173,38
594,1992,MIN,N,747,1544,104,527,123.0,3.7,1391,121,479,923,94,55
595,1992,MIL,N,740,1477,82,511,256.0,3.43,1344,127,435,793,89,56
596,1992,WSN,N,648,1381,102,463,196.0,3.25,1296,92,525,1014,124,53
597,1992,NYY,N,733,1462,163,536,78.0,4.21,1453,129,612,851,112,46
598,1992,NYM,N,599,1254,93,572,129.0,3.66,1404,98,482,1025,116,44
599,1992,OAK,N,745,1389,142,707,143.0,3.73,1396,129,601,843,125,59
600,1992,PHI,N,686,1392,118,509,127.0,4.11,1387,113,549,851,131,43
601,1992,PIT,N,693,1409,106,569,110.0,3.35,1410,101,455,844,101,59
602,1992,SDP,N,617,1396,135,453,69.0,3.56,1444,111,439,971,115,50
603,1992,SEA,N,679,1466,149,474,100.0,4.55,1467,129,661,894,112,39
604,1992,SFG,N,574,1330,105,435,112.0,3.61,1385,128,502,927,111,44
605,1992,STL,N,631,1464,94,495,208.0,3.38,1405,118,400,842,91,51
606,1992,TEX,N,682,1387,159,550,81.0,4.09,1471,113,598,1034,153,47
607,1992,TOR,Y,780,1458,163,561,129.0,3.91,1346,124,541,954,93,59
608,1993,ATL,N,767,1444,169,560,125.0,3.14,1297,101,480,1036,108,64
609,1993,BAL,N,786,1470,157,655,73.0,4.31,1427,153,579,900,100,52
610,1993,BOS,N,686,1451,114,508,73.0,3.77,1379,127,552,997,122,49
611,1993,ANA,N,684,1399,114,564,169.0,4.34,1482,153,550,843,120,43
612,1993,CHW,N,776,1454,162,604,106.0,3.7,1398,125,566,974,112,58
613,1993,CHC,N,738,1521,161,446,100.0,4.18,1514,153,470,905,115,51
614,1993,CIN,N,722,1457,137,485,142.0,4.51,1510,158,508,996,120,45
615,1993,CLE,N,790,1547,141,488,159.0,4.58,1591,182,591,888,148,46
616,1993,COL,N,758,1507,142,388,146.0,5.41,1664,181,609,913,167,41
617,1993,DET,N,899,1546,178,765,104.0,4.65,1547,188,542,828,132,52
618,1993,FLA,N,581,1356,94,498,117.0,4.13,1437,135,598,945,122,39
619,1993,HOU,N,716,1459,138,497,103.0,3.49,1363,117,476,1056,125,52
620,1993,KCR,N,675,1455,125,428,100.0,4.04,1379,105,571,985,96,51
621,1993,LAD,N,675,1458,130,492,126.0,3.5,1406,103,567,1043,132,50
622,1993,MIN,N,693,1480,121,493,83.0,4.71,1591,148,514,901,100,43
623,1993,MIL,N,733,1426,125,555,138.0,4.45,1511,153,522,810,131,42
624,1993,WSN,N,732,1410,122,542,228.0,3.55,1369,119,521,934,159,57
625,1993,NYY,N,821,1568,178,629,39.0,4.35,1467,170,552,899,101,54
626,1993,NYM,N,672,1350,158,448,79.0,4.05,1483,139,434,867,156,36
627,1993,OAK,N,715,1408,158,622,131.0,4.9,1551,157,680,864,111,41
628,1993,PHI,N,877,1555,156,665,91.0,3.95,1419,129,573,1117,141,59
629,1993,PIT,N,707,1482,110,536,92.0,4.77,1557,153,485,832,105,46
630,1993,SDP,N,679,1386,153,443,92.0,4.23,1470,148,558,957,160,37
631,1993,SEA,N,734,1429,161,624,91.0,4.2,1421,135,605,1083,90,50
632,1993,SFG,N,808,1534,168,516,120.0,3.61,1385,168,442,982,101,63
633,1993,STL,N,758,1508,118,588,153.0,4.09,1553,152,383,775,159,53
634,1993,TEX,N,835,1472,181,483,113.0,4.28,1476,144,562,957,130,53
635,1993,TOR,Y,847,1556,159,588,170.0,4.21,1441,134,620,1023,107,58
636,1995,ATL,Y,645,1202,168,520,73.0,3.44,1184,107,436,1087,100,62
637,1995,BAL,N,704,1267,173,574,92.0,4.31,1165,149,523,930,72,49
638,1995,BOS,N,791,1399,175,560,99.0,4.39,1338,127,476,888,120,59
639,1995,ANA,N,801,1390,186,564,58.0,4.52,1310,163,486,901,95,53
640,1995,CHW,N,755,1417,146,576,110.0,4.85,1374,164,617,892,108,46
641,1995,CHC,N,693,1315,158,440,105.0,4.13,1313,162,518,926,115,50
642,1995,CIN,N,747,1326,161,519,190.0,4.03,1270,131,424,903,79,59
643,1995,CLE,N,840,1461,207,542,132.0,3.83,1261,135,445,926,101,69
644,1995,COL,N,785,1406,200,484,125.0,4.97,1443,160,512,891,107,53
645,1995,DET,N,654,1204,159,551,73.0,5.49,1509,170,536,729,106,41
646,1995,FLA,N,673,1278,144,517,131.0,4.27,1299,139,562,994,115,46
647,1995,HOU,N,747,1403,109,566,176.0,4.06,1357,118,460,1056,121,52
648,1995,KCR,N,629,1275,119,475,120.0,4.49,1323,142,503,763,90,48
649,1995,LAD,N,634,1303,140,468,127.0,3.66,1188,125,462,1060,130,54
650,1995,MIN,N,703,1398,120,471,105.0,5.76,1450,210,533,790,100,38
651,1995,MIL,N,740,1329,128,502,105.0,4.82,1391,146,603,699,105,45
652,1995,WSN,N,621,1268,118,400,120.0,4.11,1286,128,416,950,109,45
653,1995,NYY,N,749,1365,122,625,50.0,4.56,1286,159,535,908,73,54
654,1995,NYM,N,657,1323,125,446,58.0,3.88,1296,133,401,901,115,47
655,1995,OAK,N,730,1296,169,565,112.0,4.93,1320,153,556,890,101,46
656,1995,PHI,N,615,1296,94,497,72.0,4.21,1241,134,538,980,96,47
657,1995,PIT,N,629,1281,125,456,84.0,4.7,1407,130,477,871,121,40
658,1995,SDP,N,668,1345,116,447,124.0,4.13,1242,142,512,1047,108,48
659,1995,SEA,N,796,1377,182,549,110.0,4.5,1343,149,591,1068,104,54
660,1995,SFG,N,652,1256,152,472,138.0,4.86,1368,173,505,801,106,46
661,1995,STL,N,563,1182,107,436,79.0,4.09,1290,135,445,842,113,43
662,1995,TEX,N,691,1304,138,526,90.0,4.66,1385,152,514,838,98,51
663,1995,TOR,N,642,1309,140,492,75.0,4.88,1336,145,654,894,97,38
664,1996,ATL,N,773,1514,197,530,83.0,3.54,1372,120,451,1245,130,59
665,1996,BAL,N,949,1557,257,645,76.0,5.15,1604,209,597,1047,97,53
666,1996,BOS,N,928,1631,209,642,91.0,5.0,1606,185,722,1165,135,52
667,1996,ANA,N,762,1571,192,527,53.0,5.31,1546,219,662,1052,128,43
668,1996,CHW,N,898,1586,195,701,105.0,4.53,1529,174,616,1039,109,52
669,1996,CHC,N,772,1388,175,523,108.0,4.36,1447,184,546,1027,104,46
670,1996,CIN,N,778,1398,191,604,171.0,4.33,1447,167,591,1089,121,50
671,1996,CLE,N,952,1665,218,671,160.0,4.35,1530,173,484,1033,124,61
672,1996,COL,N,961,1607,221,527,201.0,5.6,1597,198,624,932,149,51
673,1996,DET,N,783,1413,204,546,87.0,6.38,1699,241,784,957,135,32
674,1996,FLA,N,688,1413,150,553,99.0,3.95,1386,113,598,1050,111,49
675,1996,HOU,N,753,1445,129,554,180.0,4.38,1541,154,539,1163,138,50
676,1996,KCR,N,746,1477,123,529,195.0,4.55,1563,176,460,926,111,46
677,1996,LAD,N,703,1396,150,516,124.0,3.48,1378,125,534,1212,125,55
678,1996,MIN,N,877,1633,118,576,143.0,5.3,1561,233,581,959,94,48
679,1996,MIL,N,894,1578,178,624,101.0,5.17,1570,213,635,846,134,49
680,1996,WSN,N,741,1441,148,492,108.0,3.78,1353,152,482,1206,126,54
681,1996,NYY,Y,871,1621,162,632,96.0,4.65,1469,143,610,1139,91,56
682,1996,NYM,N,746,1515,147,445,97.0,4.22,1517,159,532,999,157,43
683,1996,OAK,N,861,1492,243,640,58.0,5.2,1638,205,644,884,102,48
684,1996,PHI,N,650,1405,132,536,117.0,4.49,1463,160,510,1044,115,41
685,1996,PIT,N,776,1509,138,510,126.0,4.64,1602,183,479,1044,128,45
686,1996,SDP,N,771,1499,147,601,109.0,3.73,1395,138,506,1194,118,56
687,1996,SEA,N,993,1625,245,670,90.0,5.21,1562,216,605,1000,110,52
688,1996,SFG,N,752,1400,153,615,113.0,4.72,1520,194,570,997,134,41
689,1996,STL,N,759,1468,142,495,149.0,3.98,1380,173,539,1050,125,54
690,1996,TEX,N,928,1622,221,660,83.0,4.66,1569,168,582,976,87,55
691,1996,TOR,N,766,1451,177,529,116.0,4.58,1476,187,610,1033,110,45
692,1997,ANA,N,829,1531,161,617,126.0,4.52,1506,202,605,1050,126,51
693,1997,ATL,N,791,1490,174,597,108.0,3.18,1319,111,450,1196,114,62
694,1997,BAL,N,812,1498,196,586,63.0,3.91,1404,164,563,1139,97,60
695,1997,BOS,N,851,1684,185,514,68.0,4.87,1567,149,610,987,136,48
696,1997,CHW,N,779,1498,158,569,106.0,4.74,1505,175,575,961,125,49
697,1997,CHC,N,687,1444,127,451,116.0,4.44,1451,185,590,1072,115,41
698,1997,CIN,N,651,1386,142,518,190.0,4.42,1408,173,558,1159,106,46
699,1997,CLE,N,868,1589,220,617,118.0,4.73,1528,181,575,1036,108,53
700,1997,COL,N,923,1611,239,562,137.0,5.25,1697,196,566,870,111,51
701,1997,DET,N,784,1415,176,578,161.0,4.56,1476,178,552,982,91,48
702,1997,FLA,Y,740,1410,136,686,115.0,3.83,1353,131,639,1188,119,56
703,1997,HOU,N,777,1427,133,633,171.0,3.67,1379,134,511,1138,131,51
704,1997,KCR,N,747,1478,158,561,130.0,4.71,1530,186,531,961,88,41
705,1997,LAD,N,742,1488,174,498,131.0,3.63,1325,163,546,1232,116,54
706,1997,MIN,N,772,1522,132,495,151.0,5.02,1596,187,495,908,100,41
707,1997,MIL,N,681,1415,135,494,103.0,4.22,1419,177,542,1012,125,48
708,1997,WSN,N,691,1423,172,420,75.0,4.14,1365,149,557,1138,131,48
709,1997,NYY,N,891,1636,161,676,99.0,3.84,1463,144,532,1165,105,59
710,1997,NYM,N,777,1448,153,550,97.0,3.95,1452,160,504,982,117,54
711,1997,OAK,N,764,1451,197,642,71.0,5.49,1734,197,642,953,121,40
712,1997,PHI,N,668,1390,116,519,92.0,4.87,1441,171,616,1209,105,41
713,1997,PIT,N,725,1440,129,481,160.0,4.28,1503,143,560,1080,131,48
714,1997,SDP,N,795,1519,152,604,140.0,4.99,1581,172,596,1059,125,46
715,1997,SEA,N,925,1574,264,626,89.0,4.79,1500,192,598,1207,123,55
716,1997,SFG,N,784,1415,172,642,121.0,4.41,1494,160,578,1044,120,55
717,1997,STL,N,689,1409,144,543,164.0,3.9,1422,124,536,1130,123,45
718,1997,TEX,N,807,1547,187,500,72.0,4.68,1598,169,541,925,122,47
719,1997,TOR,N,654,1333,147,487,134.0,3.92,1453,167,497,1150,97,46
720,1998,ANA,N,787,1530,147,510,93.0,4.49,1481,164,630,1091,106,52
721,1998,ARI,N,665,1353,159,489,73.0,4.64,1463,188,489,908,100,40
722,1998,ATL,N,826,1489,215,548,98.0,3.25,1291,117,467,1232,91,65
723,1998,BAL,N,817,1520,214,593,86.0,4.73,1505,169,535,1065,81,48
724,1998,BOS,N,876,1568,205,541,72.0,4.19,1406,168,504,1025,105,56
725,1998,CHW,N,861,1516,198,551,127.0,5.24,1569,211,580,911,140,49
726,1998,CHC,N,831,1494,212,601,65.0,4.5,1528,180,575,1207,101,55
727,1998,CIN,N,750,1441,138,608,95.0,4.44,1400,170,573,1098,122,47
728,1998,CLE,N,850,1530,198,630,143.0,4.45,1552,171,563,1037,110,54
729,1998,COL,N,826,1640,183,469,67.0,5.0,1583,174,562,951,102,47
730,1998,DET,N,722,1494,165,455,122.0,4.93,1551,185,595,947,115,40
731,1998,FLA,N,667,1381,114,525,115.0,5.2,1617,182,715,1016,129,33
732,1998,HOU,N,874,1578,166,621,155.0,3.5,1435,147,465,1187,108,62
733,1998,KCR,N,714,1459,134,475,135.0,5.16,1590,196,568,999,125,44
734,1998,LAD,N,669,1374,159,447,137.0,3.81,1332,135,587,1178,134,51
735,1998,MIL,N,707,1439,152,532,81.0,4.63,1538,188,550,1063,110,45
736,1998,MIN,N,734,1499,115,506,112.0,4.76,1622,180,457,952,108,43
737,1998,WSN,N,644,1348,147,439,91.0,4.39,1448,156,533,1017,155,40
738,1998,NYY,Y,965,1625,207,653,153.0,3.82,1357,156,466,1080,98,70
739,1998,NYM,N,706,1425,136,572,62.0,3.77,1381,152,532,1129,101,54
740,1998,OAK,N,804,1413,149,633,131.0,4.83,1555,179,529,922,141,45
741,1998,PHI,N,713,1482,126,508,97.0,4.64,1476,188,544,1176,110,46
742,1998,PIT,N,650,1395,107,393,159.0,3.91,1433,147,530,1112,140,42
743,1998,SDP,N,749,1390,167,604,79.0,3.63,1384,139,501,1217,104,60
744,1998,SEA,N,859,1553,234,558,115.0,4.95,1530,196,528,1156,125,47
745,1998,SFG,N,845,1540,161,678,102.0,4.19,1457,171,562,1089,101,54
746,1998,STL,N,810,1444,223,676,133.0,4.32,1513,151,558,972,142,50
747,1998,TBD,N,620,1450,111,473,120.0,4.35,1425,171,643,1008,94,38
748,1998,TEX,N,940,1637,201,595,82.0,5.0,1624,164,519,994,122,54
749,1998,TOR,N,816,1482,221,564,184.0,4.29,1443,169,587,1154,125,53
750,1999,ANA,N,711,1404,158,511,71.0,4.79,1472,177,624,877,106,43
751,1999,ARI,N,908,1566,216,588,137.0,3.77,1387,176,543,1198,104,61
752,1999,ATL,N,840,1481,197,608,148.0,3.63,1398,142,507,1197,111,63
753,1999,BAL,N,851,1572,203,615,107.0,4.77,1468,198,647,982,89,48
754,1999,BOS,N,836,1551,176,597,67.0,4.0,1396,160,469,1131,127,58
755,1999,CHW,N,777,1563,162,499,110.0,4.92,1608,210,596,968,136,46
756,1999,CHC,N,747,1411,189,571,60.0,5.27,1619,221,529,980,139,41
757,1999,CIN,N,865,1536,209,569,164.0,3.99,1309,190,636,1081,105,58
758,1999,CLE,N,1009,1629,209,743,147.0,4.9,1503,197,634,1120,106,59
759,1999,COL,N,906,1644,223,508,70.0,6.02,1700,237,737,1032,118,44
760,1999,DET,N,747,1433,212,458,108.0,5.18,1528,209,583,976,106,42
761,1999,FLA,N,691,1465,128,479,92.0,4.9,1560,171,655,943,127,39
762,1999,HOU,N,823,1463,168,728,166.0,3.84,1485,128,478,1204,106,59
763,1999,KCR,N,856,1584,151,535,127.0,5.35,1607,202,643,831,125,39
764,1999,LAD,N,793,1480,187,594,167.0,4.45,1438,192,594,1077,137,47
765,1999,MIL,N,815,1524,165,658,81.0,5.07,1618,213,616,987,127,45
766,1999,MIN,N,686,1450,105,500,118.0,5.02,1591,208,487,927,92,39
767,1999,WSN,N,718,1473,163,438,70.0,4.69,1505,152,572,1043,160,41
768,1999,NYY,Y,900,1568,193,718,104.0,4.13,1402,158,581,1111,111,60
769,1999,NYM,N,853,1553,181,717,150.0,4.27,1372,167,617,1172,68,59
770,1999,OAK,N,893,1430,235,770,70.0,4.69,1537,160,569,967,122,53
771,1999,PHI,N,841,1539,161,631,125.0,4.93,1494,212,627,1030,100,47
772,1999,PIT,N,775,1417,171,573,112.0,4.33,1444,160,633,1083,147,48
773,1999,SDP,N,710,1360,153,631,174.0,4.47,1454,193,529,1078,129,45
774,1999,SEA,N,859,1499,244,610,130.0,5.24,1613,191,684,980,113,48
775,1999,SFG,N,872,1507,188,696,109.0,4.71,1486,194,655,1076,105,53
776,1999,STL,N,809,1461,194,613,134.0,4.74,1519,161,667,1025,132,46
777,1999,TBD,N,772,1531,145,544,73.0,5.06,1606,172,695,1055,135,42
778,1999,TEX,N,945,1653,230,611,111.0,5.07,1626,186,509,979,119,58
779,1999,TOR,N,883,1580,212,578,119.0,4.92,1582,191,575,1009,106,51
780,2000,ANA,N,864,1574,236,608,93.0,5.0,1534,228,662,846,134,50
781,2000,ARI,N,792,1466,179,535,97.0,4.35,1441,190,500,1220,107,52
782,2000,ATL,N,810,1490,179,595,148.0,4.05,1428,165,484,1093,129,58
783,2000,BAL,N,794,1508,184,558,126.0,5.37,1547,202,665,1017,116,45
784,2000,BOS,N,792,1503,167,611,43.0,4.23,1433,173,498,1121,109,52
785,2000,CHW,N,978,1615,216,591,119.0,4.66,1509,195,614,1037,133,58
786,2000,CHC,N,764,1426,183,632,93.0,5.25,1505,231,658,1143,100,40
787,2000,CIN,N,825,1545,200,559,100.0,4.33,1446,190,659,1015,111,52
788,2000,CLE,N,950,1639,221,685,113.0,4.84,1511,173,666,1213,72,55
789,2000,COL,N,968,1664,161,601,131.0,5.26,1568,221,588,1001,94,50
790,2000,DET,N,823,1553,177,562,83.0,4.71,1583,177,496,978,105,48
791,2000,FLA,N,731,1441,160,540,168.0,4.59,1477,169,650,1051,125,49
792,2000,HOU,N,938,1547,249,673,114.0,5.42,1596,234,598,1064,133,44
793,2000,KCR,N,879,1644,150,511,121.0,5.48,1585,239,693,927,102,47
794,2000,LAD,N,798,1408,211,668,95.0,4.1,1379,176,600,1154,135,53
795,2000,MIL,N,740,1366,177,620,72.0,4.63,1501,174,728,967,118,44
796,2000,MIN,N,748,1516,116,556,90.0,5.14,1634,212,516,1042,102,42
797,2000,WSN,N,738,1475,178,476,58.0,5.13,1575,181,579,1011,132,41
798,2000,NYY,Y,871,1541,205,631,99.0,4.76,1458,177,577,1040,109,54
799,2000,NYM,N,807,1445,198,675,66.0,4.16,1398,164,574,1164,118,58
800,2000,OAK,N,947,1501,239,750,40.0,4.58,1535,158,615,963,134,56
801,2000,PHI,N,708,1386,144,611,102.0,4.77,1458,201,640,1123,100,40
802,2000,PIT,N,793,1506,168,564,86.0,4.94,1554,163,711,1070,132,42
803,2000,SDP,N,752,1413,157,602,131.0,4.52,1443,191,649,1071,141,46
804,2000,SEA,N,907,1481,198,775,122.0,4.49,1442,167,634,998,99,56
805,2000,SFG,N,925,1535,226,709,79.0,4.21,1452,151,623,1076,93,59
806,2000,STL,N,887,1481,235,675,87.0,4.38,1403,196,606,1100,111,58
807,2000,TBD,N,733,1414,162,558,90.0,4.86,1553,198,533,955,118,42
808,2000,TEX,N,848,1601,173,580,69.0,5.52,1683,202,661,918,135,43
809,2000,TOR,N,861,1562,244,526,89.0,5.14,1615,195,560,978,100,51
810,2001,ANA,N,691,1447,158,494,116.0,4.2,1452,168,525,947,103,46
811,2001,ARI,Y,818,1494,208,587,71.0,3.87,1352,195,461,1297,84,56
812,2001,ATL,N,729,1432,174,493,85.0,3.59,1363,153,499,1133,103,54
813,2001,BAL,N,687,1359,136,514,133.0,4.67,1504,194,528,938,125,38
814,2001,BOS,N,772,1493,198,520,46.0,4.15,1412,146,544,1259,113,50
815,2001,CHW,N,798,1463,214,520,123.0,4.55,1465,181,500,921,118,51
816,2001,CHC,N,777,1409,194,577,67.0,4.03,1357,164,550,1344,109,54
817,2001,CIN,N,735,1464,176,468,103.0,4.77,1572,198,515,943,138,40
818,2001,CLE,N,897,1559,212,577,79.0,4.64,1512,148,573,1218,107,56
819,2001,COL,N,923,1663,213,511,132.0,5.29,1522,239,598,1058,96,45
820,2001,DET,N,724,1439,139,466,133.0,5.01,1624,180,553,859,131,40
821,2001,FLA,N,742,1461,166,470,89.0,4.32,1397,151,617,1119,103,46
822,2001,HOU,N,847,1500,208,581,64.0,4.37,1453,221,486,1228,110,57
823,2001,KCR,N,729,1503,152,406,100.0,4.87,1537,209,576,911,117,40
824,2001,LAD,N,758,1399,206,519,89.0,4.25,1387,184,524,1212,116,53
825,2001,MIL,N,740,1378,209,488,66.0,4.64,1452,197,667,1057,103,41
826,2001,MIN,N,771,1514,164,495,146.0,4.51,1494,192,445,965,108,52
827,2001,WSN,N,670,1361,131,478,101.0,4.68,1509,190,525,1103,108,41
828,2001,NYY,N,804,1488,203,519,161.0,4.02,1429,158,465,1266,109,59
829,2001,NYM,N,642,1361,147,545,66.0,4.07,1418,186,438,1191,101,50
830,2001,OAK,N,884,1469,199,640,68.0,3.59,1384,153,440,1117,125,62
831,2001,PHI,N,746,1431,164,551,153.0,4.15,1417,170,527,1086,91,53
832,2001,PIT,N,657,1333,161,467,93.0,5.05,1493,167,549,908,133,38
833,2001,SDP,N,789,1379,161,678,129.0,4.52,1519,219,476,1088,145,48
834,2001,SEA,N,927,1637,169,614,174.0,3.54,1293,160,465,1051,83,71
835,2001,SFG,N,799,1493,235,625,57.0,4.18,1437,145,579,1080,118,55
836,2001,STL,N,814,1469,199,529,91.0,3.93,1389,196,526,1083,110,57
837,2001,TBD,N,672,1426,121,456,115.0,4.94,1513,207,569,1030,139,38
838,2001,TEX,N,890,1566,246,548,97.0,5.71,1670,222,596,951,114,45
839,2001,TOR,N,767,1489,195,470,156.0,4.28,1553,165,490,1041,97,49
840,2002,ANA,Y,851,1603,152,462,117.0,3.69,1345,169,509,999,87,61
841,2002,ARI,N,819,1471,165,643,92.0,3.92,1361,170,421,1303,89,60
842,2002,ATL,N,708,1428,164,558,76.0,3.13,1302,123,554,1058,114,62
843,2002,BAL,N,667,1353,165,452,110.0,4.46,1491,208,549,967,91,41
844,2002,BOS,N,859,1560,177,545,80.0,3.75,1339,146,430,1157,104,57
845,2002,CHW,N,856,1475,217,555,75.0,4.53,1422,190,528,945,97,50
846,2002,CHC,N,706,1351,200,585,63.0,4.29,1373,167,606,1333,114,41
847,2002,CIN,N,709,1386,169,583,116.0,4.27,1502,173,550,980,120,48
848,2002,CLE,N,739,1349,192,542,52.0,4.91,1508,142,603,1058,113,45
849,2002,COL,N,778,1508,152,497,103.0,5.2,1554,225,582,920,112,45
850,2002,DET,N,575,1340,124,363,65.0,4.92,1593,163,463,794,142,34
851,2002,FLA,N,699,1433,146,595,177.0,4.36,1449,151,631,1104,106,48
852,2002,HOU,N,749,1441,167,589,71.0,4.0,1423,151,546,1219,83,51
853,2002,KCR,N,737,1415,140,524,140.0,5.21,1587,212,572,909,130,38
854,2002,LAD,N,713,1464,155,428,96.0,3.69,1311,165,555,1132,90,56
855,2002,MIL,N,627,1369,139,500,94.0,4.73,1468,199,666,1026,103,34
856,2002,MIN,N,768,1518,167,472,79.0,4.12,1454,184,439,1026,74,58
857,2002,WSN,N,735,1432,162,575,118.0,3.97,1475,165,508,1088,139,51
858,2002,NYY,N,897,1540,223,640,100.0,3.87,1441,144,403,1135,127,63
859,2002,NYM,N,690,1409,160,486,87.0,3.89,1408,163,543,1107,144,46
860,2002,OAK,N,800,1450,205,609,46.0,3.68,1391,135,474,1021,102,63
861,2002,PHI,N,710,1428,165,640,104.0,4.17,1381,153,570,1075,88,49
862,2002,PIT,N,641,1300,142,537,86.0,4.23,1447,163,572,920,115,44
863,2002,SDP,N,662,1393,136,547,71.0,4.62,1522,177,582,1108,128,40
864,2002,SEA,N,814,1531,152,629,137.0,4.07,1422,178,441,1063,88,57
865,2002,SFG,N,783,1465,198,616,74.0,3.54,1349,116,523,992,90,58
866,2002,STL,N,787,1475,175,542,86.0,3.7,1355,141,547,1009,103,59
867,2002,TBD,N,673,1418,133,456,102.0,5.29,1567,215,620,925,126,34
868,2002,TEX,N,843,1510,230,554,62.0,5.15,1528,194,669,1030,99,44
869,2002,TOR,N,813,1457,187,522,71.0,4.8,1504,177,590,991,107,48
870,2003,ANA,N,736,1473,150,476,129.0,4.28,1444,190,486,980,105,47
871,2003,ARI,N,717,1467,152,531,76.0,3.84,1379,150,526,1291,107,51
872,2003,ATL,N,907,1608,235,545,68.0,4.1,1425,147,555,992,121,62
873,2003,BAL,N,743,1516,152,431,89.0,4.76,1579,198,526,981,105,43
874,2003,BOS,N,961,1667,238,620,88.0,4.48,1503,153,488,1141,113,58
875,2003,CHW,N,791,1445,220,519,77.0,4.17,1364,162,518,1056,93,53
876,2003,CHC,N,724,1431,172,492,73.0,3.83,1304,143,617,1404,106,54
877,2003,CIN,N,694,1349,182,524,80.0,5.09,1578,209,590,932,141,42
878,2003,CLE,N,699,1413,158,466,86.0,4.21,1477,179,501,943,126,41
879,2003,COL,N,853,1472,198,619,63.0,5.2,1629,200,552,866,116,45
880,2003,DET,N,591,1312,153,443,98.0,5.3,1616,195,557,764,138,26
881,2003,FLA,Y,751,1459,157,515,150.0,4.04,1415,128,530,1132,78,56
882,2003,HOU,N,805,1466,191,557,66.0,3.86,1350,161,565,1139,95,53
883,2003,KCR,N,836,1526,162,476,120.0,5.05,1569,190,566,865,108,51
884,2003,LAD,N,574,1328,124,407,80.0,3.16,1254,127,526,1289,119,52
885,2003,MIL,N,714,1423,196,547,99.0,5.02,1590,219,575,1034,114,41
886,2003,MIN,N,801,1567,155,512,94.0,4.41,1526,187,402,997,87,55
887,2003,WSN,N,711,1404,144,522,100.0,4.01,1467,181,463,1028,102,51
888,2003,NYY,N,877,1518,230,684,98.0,4.02,1512,145,375,1119,114,61
889,2003,NYM,N,642,1317,124,489,70.0,4.48,1497,168,576,907,118,40
890,2003,OAK,N,768,1398,176,556,48.0,3.63,1336,140,499,1018,107,59
891,2003,PHI,N,791,1448,166,651,72.0,4.04,1386,142,536,1060,97,53
892,2003,PIT,N,753,1492,163,529,86.0,4.64,1527,178,502,926,123,46
893,2003,SDP,N,678,1442,128,565,76.0,4.87,1458,208,611,1091,102,39
894,2003,SEA,N,795,1509,139,586,108.0,3.76,1340,173,466,1001,65,57
895,2003,SFG,N,755,1440,180,593,53.0,3.73,1349,136,546,1006,80,62
896,2003,STL,N,876,1580,196,580,82.0,4.6,1544,210,508,969,77,52
897,2003,TBD,N,715,1501,137,420,142.0,4.93,1454,196,639,877,103,38
898,2003,TEX,N,826,1506,239,488,65.0,5.67,1625,208,603,1009,94,43
899,2003,TOR,N,894,1580,190,546,37.0,4.69,1560,184,485,984,117,53
900,2004,ANA,N,836,1603,162,450,143.0,4.28,1476,170,502,1164,90,56
901,2004,ARI,N,615,1401,135,441,53.0,4.98,1480,197,668,1153,139,31
902,2004,ATL,N,803,1503,178,587,86.0,3.74,1475,154,523,1025,116,59
903,2004,BAL,N,842,1614,169,528,101.0,4.7,1488,159,687,1090,110,48
904,2004,BOS,Y,949,1613,222,659,68.0,4.18,1430,159,447,1132,118,60
905,2004,CHW,N,865,1481,242,499,78.0,4.91,1505,224,527,1013,100,51
906,2004,CHC,N,789,1508,235,489,66.0,3.81,1363,169,545,1346,86,54
907,2004,CIN,N,750,1380,194,599,77.0,5.19,1595,236,572,992,113,46
908,2004,CLE,N,858,1565,184,606,94.0,4.81,1553,201,579,1115,106,49
909,2004,COL,N,833,1531,202,568,44.0,5.54,1634,198,697,947,89,41
910,2004,DET,N,827,1531,201,518,86.0,4.93,1542,190,530,995,144,44
911,2004,FLA,N,718,1447,148,499,96.0,4.1,1395,166,513,1116,86,51
912,2004,HOU,N,803,1458,187,590,89.0,4.05,1416,174,525,1282,101,56
913,2004,KCR,N,720,1432,150,461,67.0,5.15,1638,208,518,887,131,35
914,2004,LAD,N,761,1450,203,536,102.0,4.01,1386,178,521,1066,73,57
915,2004,MIL,N,634,1358,135,540,138.0,4.24,1440,164,476,1098,117,41
916,2004,MIN,N,780,1494,191,513,116.0,4.03,1523,167,431,1123,101,56
917,2004,WSN,N,635,1361,151,496,109.0,4.33,1477,191,582,1032,99,41
918,2004,NYY,N,897,1483,242,670,84.0,4.69,1532,182,445,1058,99,62
919,2004,NYM,N,684,1376,185,512,107.0,4.09,1452,156,592,977,137,43
920,2004,OAK,N,793,1545,189,608,47.0,4.17,1466,164,544,1034,91,56
921,2004,PHI,N,840,1505,215,645,100.0,4.45,1488,214,502,1070,81,53
922,2004,PIT,N,680,1428,142,415,63.0,4.29,1451,149,576,1079,103,44
923,2004,SDP,N,768,1521,139,566,52.0,4.03,1460,184,422,1079,108,53
924,2004,SEA,N,698,1544,136,492,110.0,4.76,1498,212,575,1036,103,38
925,2004,SFG,N,850,1500,183,705,43.0,4.29,1481,161,548,1020,101,56
926,2004,STL,N,855,1544,214,548,111.0,3.75,1378,169,440,1041,97,64
927,2004,TBD,N,714,1416,145,469,132.0,4.81,1459,192,580,923,119,43
928,2004,TEX,N,860,1492,227,500,69.0,4.53,1536,182,547,979,117,54
929,2004,TOR,N,719,1438,145,513,58.0,4.91,1505,181,608,956,91,41
930,2005,ARI,N,696,1419,191,606,67.0,4.84,1580,193,537,1038,94,47
931,2005,ATL,N,769,1453,184,534,92.0,3.98,1487,145,520,929,86,55
932,2005,BAL,N,729,1492,189,447,83.0,4.56,1458,180,580,1052,107,45
933,2005,BOS,N,910,1579,199,653,45.0,4.74,1550,164,440,959,109,58
934,2005,CHW,Y,741,1450,200,435,137.0,3.61,1392,167,459,1040,94,61
935,2005,CHC,N,703,1506,194,419,65.0,4.19,1357,186,576,1256,101,48
936,2005,CIN,N,820,1453,222,611,72.0,5.15,1657,219,492,955,104,44
937,2005,CLE,N,790,1522,207,503,62.0,3.61,1363,157,413,1050,106,57
938,2005,COL,N,740,1477,150,509,65.0,5.13,1600,175,604,981,118,41
939,2005,DET,N,723,1521,168,384,66.0,4.51,1504,193,461,907,110,43
940,2005,FLA,N,717,1499,128,512,96.0,4.16,1459,116,563,1125,103,51
941,2005,HOU,N,693,1400,161,481,115.0,3.51,1336,155,440,1164,89,54
942,2005,KCR,N,701,1445,126,424,53.0,5.49,1640,178,580,924,125,34
943,2005,ANA,N,761,1520,147,447,161.0,3.68,1419,158,443,1126,87,58
944,2005,LAD,N,685,1374,149,541,58.0,4.38,1434,182,471,1004,106,43
945,2005,MIL,N,726,1413,175,531,79.0,3.97,1382,169,569,1173,119,50
946,2005,MIN,N,688,1441,134,485,102.0,3.71,1458,169,348,965,102,51
947,2005,NYY,N,886,1552,229,637,84.0,4.52,1495,164,463,985,95,58
948,2005,NYM,N,722,1421,175,486,153.0,3.76,1390,135,491,1012,106,51
949,2005,OAK,N,772,1476,155,537,31.0,3.69,1315,154,504,1075,88,54
950,2005,PHI,N,807,1494,167,639,116.0,4.21,1379,189,487,1159,90,54
951,2005,PIT,N,680,1445,139,471,73.0,4.42,1456,162,612,958,117,41
952,2005,SDP,N,684,1416,130,600,99.0,4.13,1452,146,503,1133,109,50
953,2005,SEA,N,699,1408,130,466,102.0,4.49,1483,179,496,892,86,42
954,2005,SFG,N,649,1427,128,431,71.0,4.33,1456,151,592,972,90,46
955,2005,STL,N,805,1494,170,534,83.0,3.49,1399,153,443,974,100,61
956,2005,TBD,N,750,1519,157,412,151.0,5.39,1570,194,615,949,124,41
957,2005,TEX,N,865,1528,260,495,67.0,4.96,1589,159,522,932,108,48
958,2005,TOR,N,775,1480,136,486,72.0,4.06,1475,185,444,958,95,49
959,2005,WSN,N,639,1367,117,491,45.0,3.87,1456,140,539,997,92,50
960,2006,ARI,N,773,1506,160,504,76.0,4.48,1503,168,536,1115,104,46
961,2006,ATL,N,849,1510,222,526,52.0,4.6,1529,183,572,1049,99,48
962,2006,BAL,N,768,1556,164,474,121.0,5.35,1579,216,613,1016,102,43
963,2006,BOS,N,820,1510,192,672,51.0,4.83,1570,181,509,1070,66,53
964,2006,CHW,N,868,1586,236,502,93.0,4.61,1534,200,433,1012,90,55
965,2006,CHC,N,716,1496,166,395,121.0,4.74,1396,210,687,1250,106,40
966,2006,CIN,N,749,1419,217,614,124.0,4.51,1576,213,464,1053,128,49
967,2006,CLE,N,870,1576,196,556,55.0,4.41,1583,166,429,948,118,48
968,2006,COL,N,813,1504,157,561,85.0,4.66,1549,155,553,952,91,46
969,2006,DET,N,822,1548,203,430,60.0,3.84,1420,160,489,1003,106,58
970,2006,FLA,N,758,1454,182,497,110.0,4.37,1465,166,622,1088,126,48
971,2006,HOU,N,735,1407,174,585,79.0,4.08,1425,182,480,1160,80,50
972,2006,KCR,N,757,1515,124,474,65.0,5.65,1648,213,637,904,98,38
973,2006,ANA,N,766,1539,159,486,148.0,4.04,1410,158,471,1164,124,54
974,2006,LAD,N,820,1552,153,601,128.0,4.23,1524,152,492,1068,115,54
975,2006,MIL,N,730,1400,180,502,71.0,4.82,1454,177,514,1145,117,46
976,2006,MIN,N,801,1608,143,490,101.0,3.95,1490,182,356,1164,84,59
977,2006,NYY,N,930,1608,210,649,139.0,4.41,1463,170,496,1019,104,59
978,2006,NYM,N,834,1469,200,547,146.0,4.14,1402,180,527,1161,104,59
979,2006,OAK,N,771,1429,175,650,61.0,4.21,1525,162,529,1003,84,57
980,2006,PHI,N,865,1518,216,626,92.0,4.6,1561,211,512,1138,104,52
981,2006,PIT,N,691,1462,141,459,68.0,4.52,1545,156,620,1060,104,41
982,2006,SDP,N,731,1465,161,564,123.0,3.87,1385,176,468,1097,92,54
983,2006,SEA,N,756,1540,172,404,106.0,4.6,1500,183,560,1067,88,48
984,2006,SFG,N,746,1418,163,494,58.0,4.63,1422,153,584,992,91,47
985,2006,STL,Y,781,1484,184,531,59.0,4.54,1475,193,504,970,98,51
986,2006,TBD,N,689,1395,190,441,134.0,4.96,1600,180,606,979,116,37
987,2006,TEX,N,835,1571,183,505,53.0,4.6,1558,162,496,972,98,49
988,2006,TOR,N,809,1591,199,514,65.0,4.37,1447,185,504,1076,99,53
989,2006,WSN,N,746,1437,164,594,123.0,5.03,1535,193,584,960,131,43
990,2007,ARI,N,712,1350,171,532,109.0,4.13,1446,169,546,1088,106,55
991,2007,ATL,N,810,1562,176,534,64.0,4.11,1442,172,537,1106,107,51
992,2007,BAL,N,756,1529,142,500,144.0,5.17,1491,161,696,1087,79,42
993,2007,BOS,Y,867,1561,166,689,96.0,3.87,1350,151,482,1149,81,59
994,2007,CHW,N,693,1341,190,532,78.0,4.77,1556,174,499,1015,108,44
995,2007,CHC,N,752,1530,151,500,86.0,4.04,1340,165,573,1211,94,52
996,2007,CIN,N,783,1496,204,536,97.0,4.94,1605,198,482,1068,95,44
997,2007,CLE,N,811,1504,178,590,72.0,4.05,1519,146,410,1047,92,59
998,2007,COL,N,860,1591,171,622,100.0,4.32,1497,164,504,967,68,55
999,2007,DET,N,887,1652,177,474,103.0,4.57,1498,174,566,1047,99,54
1000,2007,FLA,N,790,1504,201,521,105.0,4.94,1617,176,661,1142,137,43
1001,2007,HOU,N,723,1457,167,547,65.0,4.68,1566,206,510,1109,103,45
1002,2007,KCR,N,706,1447,102,428,78.0,4.48,1547,168,520,993,106,42
1003,2007,ANA,N,822,1578,123,507,139.0,4.23,1480,151,477,1156,101,58
1004,2007,LAD,N,735,1544,129,511,137.0,4.2,1443,146,518,1184,114,50
1005,2007,MIL,N,801,1455,231,501,96.0,4.41,1513,161,507,1174,109,51
1006,2007,MIN,N,718,1460,118,512,112.0,4.15,1505,185,420,1094,95,48
1007,2007,NYY,N,968,1656,201,637,123.0,4.49,1498,150,578,1009,88,58
1008,2007,NYM,N,804,1543,177,549,200.0,4.26,1415,165,570,1134,101,54
1009,2007,OAK,N,741,1430,171,664,52.0,4.28,1468,138,530,1036,90,46
1010,2007,PHI,N,892,1558,213,641,138.0,4.73,1555,198,558,1050,89,54
1011,2007,PIT,N,724,1463,148,463,68.0,4.93,1627,174,518,997,83,41
1012,2007,SDP,N,741,1408,171,557,55.0,3.7,1406,119,474,1136,92,54
1013,2007,SEA,N,794,1629,153,389,81.0,4.73,1578,147,546,1020,90,54
1014,2007,SFG,N,683,1407,131,532,119.0,4.19,1442,133,593,1057,88,43
1015,2007,STL,N,725,1513,141,506,56.0,4.65,1514,168,509,945,121,48
1016,2007,TBD,N,782,1500,187,545,131.0,5.53,1649,199,568,1194,117,40
1017,2007,TEX,N,816,1460,179,503,88.0,4.75,1525,155,668,976,124,46
1018,2007,TOR,N,753,1434,165,533,57.0,4.0,1383,157,479,1067,102,51
1019,2007,WSN,N,673,1415,123,524,69.0,4.58,1502,187,580,931,109,45
1020,2008,ARI,N,720,1355,159,587,58.0,3.98,1403,147,451,1229,113,50
1021,2008,ATL,N,753,1514,130,618,58.0,4.46,1439,156,586,1076,107,44
1022,2008,BAL,N,782,1486,172,533,81.0,5.13,1538,184,687,922,100,42
1023,2008,BOS,N,845,1565,173,646,120.0,4.01,1369,147,548,1185,85,58
1024,2008,CHW,N,811,1458,235,540,67.0,4.06,1471,156,460,1147,108,54
1025,2008,CHC,N,855,1552,184,636,87.0,3.87,1329,160,548,1264,99,60
1026,2008,CIN,N,704,1351,187,560,85.0,4.55,1542,201,557,1227,114,45
1027,2008,CLE,N,805,1455,171,560,77.0,4.45,1530,170,444,986,94,50
1028,2008,COL,N,747,1462,160,570,141.0,4.77,1547,148,562,1041,96,45
1029,2008,DET,N,821,1529,200,572,63.0,4.9,1541,172,644,991,113,45
1030,2008,FLA,N,770,1397,208,543,76.0,4.43,1421,161,586,1127,117,52
1031,2008,HOU,N,712,1432,167,449,114.0,4.36,1453,197,492,1095,67,53
1032,2008,KCR,N,691,1507,120,392,79.0,4.48,1473,159,515,1085,96,46
1033,2008,ANA,N,765,1486,159,481,129.0,3.99,1455,160,457,1106,91,61
1034,2008,LAD,N,700,1455,137,543,126.0,3.68,1381,123,480,1205,101,51
1035,2008,MIL,N,750,1398,198,550,108.0,3.85,1415,175,528,1110,101,55
1036,2008,MIN,N,829,1572,111,529,102.0,4.16,1568,183,406,995,108,53
1037,2008,NYY,N,789,1512,180,535,118.0,4.28,1478,143,489,1141,83,54
1038,2008,NYM,N,799,1491,172,619,138.0,4.07,1415,163,590,1181,83,54
1039,2008,OAK,N,646,1318,125,574,88.0,4.01,1364,135,576,1061,98,46
1040,2008,PHI,Y,799,1407,214,586,136.0,3.88,1444,160,533,1081,90,56
1041,2008,PIT,N,735,1454,153,474,57.0,5.08,1631,176,657,963,107,41
1042,2008,SDP,N,637,1390,154,518,36.0,4.41,1466,165,561,1100,85,38
1043,2008,SEA,N,671,1498,124,417,90.0,4.73,1544,161,626,1016,99,37
1044,2008,SFG,N,640,1452,94,452,108.0,4.38,1416,147,652,1240,96,44
1045,2008,STL,N,779,1585,174,577,73.0,4.19,1517,163,496,957,85,53
1046,2008,TBD,N,774,1443,180,626,142.0,3.82,1349,166,526,1143,90,59
1047,2008,TEX,N,901,1619,194,595,81.0,5.37,1647,176,625,963,132,48
1048,2008,TOR,N,714,1453,126,521,80.0,3.49,1330,134,467,1184,84,53
1049,2008,WSN,N,641,1376,117,534,81.0,4.66,1496,190,588,1063,123,36
1050,2009,ARI,N,720,1408,173,571,102.0,4.42,1470,168,525,1158,124,43
1051,2009,ATL,N,735,1459,149,602,58.0,3.57,1399,119,530,1232,96,53
1052,2009,BAL,N,741,1508,160,517,76.0,5.15,1633,218,546,933,90,39
1053,2009,BOS,N,872,1495,212,659,126.0,4.35,1494,167,530,1230,82,58
1054,2009,CHW,N,724,1410,184,534,113.0,4.14,1438,169,507,1119,113,48
1055,2009,CHC,N,707,1398,161,592,56.0,3.84,1329,160,586,1272,105,51
1056,2009,CIN,N,673,1349,158,531,96.0,4.18,1420,188,577,1069,89,48
1057,2009,CLE,N,773,1468,161,582,84.0,5.06,1570,183,598,986,97,40
1058,2009,COL,N,804,1408,190,660,106.0,4.22,1427,141,528,1154,87,56
1059,2009,DET,N,743,1443,183,540,72.0,4.29,1449,182,594,1102,88,52
1060,2009,FLA,N,772,1493,159,568,75.0,4.29,1425,160,601,1248,106,53
1061,2009,HOU,N,643,1415,142,448,113.0,4.54,1521,176,546,1144,78,45
1062,2009,KCR,N,686,1432,144,457,88.0,4.83,1486,166,600,1153,117,40
1063,2009,ANA,N,883,1604,173,547,148.0,4.45,1513,180,523,1062,85,59
1064,2009,LAD,N,780,1511,145,607,116.0,3.41,1265,127,584,1272,83,58
1065,2009,MIL,N,785,1447,182,610,68.0,4.83,1498,207,607,1104,98,49
1066,2009,MIN,N,817,1539,172,585,85.0,4.5,1542,185,466,1052,76,53
1067,2009,NYY,Y,915,1604,244,663,111.0,4.26,1386,181,574,1260,86,63
1068,2009,NYM,N,671,1472,95,526,122.0,4.45,1452,158,616,1031,97,43
1069,2009,OAK,N,759,1464,135,527,133.0,4.26,1486,156,523,1124,105,46
1070,2009,PHI,N,820,1439,224,589,119.0,4.16,1479,189,489,1153,76,57
1071,2009,PIT,N,636,1364,125,499,90.0,4.59,1491,152,563,919,73,38
1072,2009,SDP,N,638,1315,141,586,82.0,4.37,1422,167,603,1187,94,46
1073,2009,SEA,N,640,1430,160,421,89.0,3.87,1359,172,534,1043,105,52
1074,2009,SFG,N,657,1411,122,392,78.0,3.55,1268,140,584,1302,88,54
1075,2009,STL,N,730,1436,160,528,75.0,3.66,1407,123,460,1049,96,56
1076,2009,TBD,N,803,1434,199,642,194.0,4.33,1421,183,515,1125,98,51
1077,2009,TEX,N,784,1436,224,472,149.0,4.38,1432,171,531,1016,106,53
1078,2009,TOR,N,798,1516,209,548,73.0,4.47,1509,181,551,1181,76,46
1079,2009,WSN,N,710,1416,156,617,73.0,5.0,1533,173,629,911,143,36
1080,2010,ARI,N,713,1366,180,589,86.0,4.81,1503,210,548,1070,102,40
1081,2010,ATL,N,738,1411,139,634,63.0,3.56,1326,126,505,1241,126,56
1082,2010,BAL,N,613,1440,133,424,76.0,4.59,1508,186,520,1007,105,40
1083,2010,BOS,N,818,1511,211,587,68.0,4.2,1402,152,580,1207,111,54
1084,2010,CHW,N,752,1467,177,467,160.0,4.09,1471,136,490,1149,103,54
1085,2010,CHC,N,685,1414,149,479,55.0,4.18,1409,154,605,1268,126,46
1086,2010,CIN,N,790,1515,188,522,93.0,4.01,1404,158,524,1130,72,56
1087,2010,CLE,N,646,1362,128,545,91.0,4.3,1477,147,572,967,110,42
1088,2010,COL,N,770,1452,173,585,99.0,4.14,1405,139,525,1234,101,51
1089,2010,DET,N,751,1515,152,546,69.0,4.3,1445,142,537,1056,109,50
1090,2010,FLA,N,719,1403,152,514,92.0,4.08,1433,134,549,1168,123,49
1091,2010,HOU,N,611,1348,108,415,100.0,4.09,1446,140,548,1210,103,46
1092,2010,KCR,N,676,1534,121,471,115.0,4.97,1553,176,551,1035,121,41
1093,2010,ANA,N,681,1363,155,466,104.0,4.04,1422,148,565,1130,113,49
1094,2010,LAD,N,667,1368,120,533,92.0,4.01,1323,134,539,1274,98,49
1095,2010,MIL,N,750,1471,182,546,81.0,4.58,1487,173,582,1258,101,47
1096,2010,MIN,N,781,1521,142,559,68.0,3.95,1493,155,383,1048,78,58
1097,2010,NYY,N,859,1485,201,662,103.0,4.06,1349,179,540,1154,69,58
1098,2010,NYM,N,656,1361,128,502,130.0,3.7,1438,135,545,1106,87,48
1099,2010,OAK,N,663,1396,109,527,156.0,3.56,1315,153,512,1070,99,50
1100,2010,PHI,N,772,1451,166,560,108.0,3.67,1402,168,416,1183,83,59
1101,2010,PIT,N,587,1303,126,463,87.0,5.0,1567,167,538,1026,127,35
1102,2010,SDP,N,665,1338,132,538,124.0,3.39,1305,139,517,1295,72,55
1103,2010,SEA,N,513,1274,101,459,142.0,3.93,1402,157,452,973,110,37
1104,2010,SFG,Y,697,1411,162,487,55.0,3.36,1279,134,578,1331,73,56
1105,2010,STL,N,736,1456,150,541,79.0,3.57,1412,133,477,1094,99,53
1106,2010,TBD,N,802,1343,160,672,172.0,3.78,1347,175,478,1189,85,59
1107,2010,TEX,N,787,1556,162,511,123.0,3.93,1355,162,551,1181,105,55
1108,2010,TOR,N,755,1364,257,471,58.0,4.22,1407,150,539,1184,92,52
1109,2010,WSN,N,655,1355,149,503,110.0,4.13,1469,151,512,1068,127,42
1110,2011,ARI,N,731,1357,172,531,133.0,3.8,1414,159,442,1058,90,58
1111,2011,ATL,N,641,1345,173,504,77.0,3.48,1332,125,521,1332,83,54
1112,2011,BAL,N,708,1434,191,452,81.0,4.89,1568,210,535,1044,110,42
1113,2011,BOS,N,875,1600,203,578,102.0,4.2,1366,156,540,1213,92,55
1114,2011,CHW,N,654,1387,154,475,81.0,4.1,1463,147,439,1220,79,48
1115,2011,CHC,N,654,1423,148,425,69.0,4.33,1439,162,580,1224,134,43
1116,2011,CIN,N,735,1438,183,535,97.0,4.16,1414,185,539,1112,91,48
1117,2011,CLE,N,704,1380,154,494,89.0,4.23,1482,153,463,1024,110,49
1118,2011,COL,N,735,1429,163,555,118.0,4.43,1471,176,522,1118,98,45
1119,2011,DET,N,787,1540,169,521,49.0,4.04,1406,149,492,1115,103,58
1120,2011,FLA,N,625,1358,149,542,95.0,3.95,1403,149,500,1218,93,44
1121,2011,HOU,N,615,1442,95,401,118.0,4.51,1477,188,560,1191,116,34
1122,2011,KCR,N,730,1560,129,442,153.0,4.44,1487,163,557,1080,95,43
1123,2011,ANA,N,667,1394,155,442,135.0,3.57,1388,142,476,1058,93,53
1124,2011,LAD,N,644,1395,117,498,126.0,3.54,1287,132,507,1265,85,50
1125,2011,MIL,N,721,1422,185,481,94.0,3.63,1348,147,440,1257,111,59
1126,2011,MIN,N,619,1357,103,440,92.0,4.58,1564,161,480,940,119,38
1127,2011,NYY,N,867,1452,222,627,147.0,3.73,1423,152,507,1222,102,59
1128,2011,NYM,N,718,1477,108,571,130.0,4.19,1482,147,514,1126,116,47
1129,2011,OAK,N,645,1330,114,509,117.0,3.71,1380,136,519,1160,124,45
1130,2011,PHI,N,713,1409,153,539,96.0,3.02,1320,120,404,1299,74,62
1131,2011,PIT,N,610,1325,107,489,108.0,4.04,1513,152,535,1031,112,44
1132,2011,SDP,N,593,1284,91,501,170.0,3.42,1324,125,521,1139,94,43
1133,2011,SEA,N,556,1263,109,435,125.0,3.9,1369,145,436,1088,108,41
1134,2011,SFG,N,570,1327,121,448,85.0,3.2,1260,96,559,1316,104,53
1135,2011,STL,Y,762,1513,162,542,57.0,3.74,1461,136,448,1098,116,55
1136,2011,TBD,N,707,1324,172,571,155.0,3.58,1263,161,504,1143,73,56
1137,2011,TEX,N,855,1599,210,475,143.0,3.79,1327,170,461,1179,114,59
1138,2011,TOR,N,743,1384,186,525,131.0,4.32,1433,179,540,1169,110,50
1139,2011,WSN,N,624,1319,154,470,106.0,3.58,1403,129,477,1049,104,49
1140,2012,ARI,N,734,1416,165,539,93.0,3.93,1432,155,417,1200,90,50
1141,2012,ATL,N,700,1341,149,567,101.0,3.42,1310,145,464,1232,86,58
1142,2012,BAL,N,712,1375,214,480,58.0,3.9,1433,184,481,1177,106,57
1143,2012,BOS,N,734,1459,165,428,97.0,4.7,1449,190,529,1176,101,42
1144,2012,CHW,N,748,1409,211,461,109.0,4.02,1365,186,503,1246,70,52
1145,2012,CHC,N,613,1297,137,447,94.0,4.51,1399,175,573,1128,105,37
1146,2012,CIN,N,669,1377,172,481,87.0,3.34,1356,152,427,1248,89,59
1147,2012,CLE,N,667,1385,136,555,110.0,4.78,1503,174,543,1086,96,41
1148,2012,COL,N,758,1526,166,450,100.0,5.22,1637,198,566,1144,122,39
1149,2012,DET,N,726,1467,163,511,59.0,3.75,1409,151,438,1318,99,54
1150,2012,HOU,N,583,1276,146,463,105.0,4.56,1493,173,540,1170,118,33
1151,2012,KCR,N,676,1492,131,404,132.0,4.3,1504,163,542,1177,113,44
1152,2012,ANA,N,767,1518,187,449,134.0,4.02,1339,186,483,1157,98,54
1153,2012,LAD,N,637,1369,116,481,104.0,3.34,1277,122,539,1276,98,53
1154,2012,FLA,N,609,1327,137,484,149.0,4.09,1448,133,495,1113,103,42
1155,2012,MIL,N,776,1442,202,466,158.0,4.22,1458,169,525,1402,99,51
1156,2012,MIN,N,701,1448,131,505,135.0,4.77,1536,198,465,943,107,40
1157,2012,NYY,N,804,1462,245,565,93.0,3.84,1401,190,431,1318,75,58
1158,2012,NYM,N,650,1357,139,503,79.0,4.09,1368,161,488,1240,101,45
1159,2012,OAK,N,713,1315,195,550,122.0,3.48,1360,147,462,1136,111,58
1160,2012,PHI,N,684,1414,158,454,116.0,3.83,1387,178,409,1385,101,50
1161,2012,PIT,N,651,1313,170,444,73.0,3.86,1357,153,490,1192,112,48
1162,2012,SDP,N,651,1339,121,539,155.0,4.01,1356,162,539,1205,121,46
1163,2012,SEA,N,619,1285,149,466,104.0,3.76,1359,166,449,1166,72,46
1164,2012,SFG,Y,718,1495,103,483,118.0,3.68,1361,142,489,1237,115,58
1165,2012,STL,N,765,1526,159,533,91.0,3.71,1420,134,436,1218,107,54
1166,2012,TBD,N,697,1293,175,571,134.0,3.19,1233,139,469,1383,114,55
1167,2012,TEX,N,808,1526,200,478,91.0,3.99,1378,175,446,1286,85,57
1168,2012,TOR,N,716,1346,198,473,123.0,4.64,1439,204,574,1142,101,45
1169,2012,WSN,N,731,1468,194,479,105.0,3.33,1296,129,497,1325,94,60
1170,2013,ARI,N,685,1468,130,519,62.0,3.92,1460,176,485,1218,75,50
1171,2013,ATL,N,688,1354,181,542,64.0,3.18,1326,127,409,1232,85,59
1172,2013,BAL,N,745,1460,212,416,79.0,4.2,1438,202,473,1169,54,52
1173,2013,BOS,Y,853,1566,178,581,123.0,3.79,1366,156,524,1294,80,59
1174,2013,CHW,N,598,1385,148,411,105.0,3.98,1424,182,509,1249,121,38
1175,2013,CHC,N,602,1307,172,439,63.0,4.0,1332,160,540,1184,100,40
1176,2013,CIN,N,698,1370,155,585,67.0,3.38,1294,170,435,1296,76,55
1177,2013,CLE,N,745,1391,171,562,117.0,3.82,1359,147,554,1379,98,56
1178,2013,COL,N,706,1511,159,427,112.0,4.44,1545,136,517,1064,90,45
1179,2013,DET,N,796,1625,176,531,35.0,3.61,1369,128,462,1428,76,57
1180,2013,HOU,N,610,1307,148,426,110.0,4.79,1530,191,616,1084,125,31
1181,2013,KCR,N,648,1443,112,422,153.0,3.45,1366,155,469,1208,85,53
1182,2013,ANA,N,733,1476,164,523,82.0,4.23,1475,167,533,1200,112,48
1183,2013,LAD,N,649,1447,138,476,78.0,3.25,1321,127,460,1292,109,56
1184,2013,FLA,N,513,1257,95,432,78.0,3.71,1376,121,526,1177,88,38
1185,2013,MIL,N,640,1381,157,407,142.0,3.84,1401,175,466,1125,114,45
1186,2013,MIN,N,614,1346,151,533,52.0,4.55,1591,168,458,985,81,40
1187,2013,NYY,N,650,1321,144,466,115.0,3.94,1452,171,437,1233,69,52
1188,2013,NYM,N,619,1318,130,512,114.0,3.77,1442,152,458,1209,93,45
1189,2013,OAK,N,767,1403,186,573,74.0,3.56,1339,163,428,1183,97,59
1190,2013,PHI,N,610,1355,140,417,73.0,4.32,1465,152,506,1199,97,45
1191,2013,PIT,N,634,1346,161,469,94.0,3.26,1299,101,515,1261,106,58
1192,2013,SDP,N,618,1349,146,467,118.0,3.98,1407,156,525,1171,83,46
1193,2013,SEA,N,624,1318,188,529,49.0,4.31,1467,174,478,1297,88,43
1194,2013,SFG,N,629,1446,107,469,67.0,4.0,1380,145,521,1256,107,46
1195,2013,STL,N,783,1494,125,481,45.0,3.42,1366,112,451,1254,75,59
1196,2013,TBD,N,700,1421,165,589,73.0,3.74,1315,153,482,1310,59,56
1197,2013,TEX,N,730,1465,176,462,149.0,3.62,1370,157,498,1309,86,55
1198,2013,TOR,N,712,1398,185,510,112.0,4.25,1451,195,500,1208,111,45
1199,2013,WSN,N,656,1365,161,464,88.0,3.59,1367,142,405,1236,107,53
1200,2014,ARI,N,615,1379,118,398,86.0,4.26,1467,154,469,1278,101,39
1201,2014,ATL,N,573,1316,123,472,95.0,3.38,1369,121,472,1301,85,48
1202,2014,BAL,N,705,1434,211,401,44.0,3.43,1342,151,472,1174,87,59
1203,2014,BOS,N,634,1355,123,535,63.0,4.01,1458,154,482,1213,92,43
1204,2014,CHW,N,660,1400,155,417,85.0,4.29,1468,140,557,1152,107,45
1205,2014,CHC,N,614,1315,157,442,65.0,3.91,1398,115,504,1311,103,45
1206,2014,CIN,N,595,1282,131,415,122.0,3.59,1282,163,507,1290,72,46
1207,2014,CLE,N,669,1411,142,504,104.0,3.56,1398,135,464,1450,116,52
1208,2014,COL,N,755,1551,186,397,85.0,4.84,1528,173,531,1074,106,40
1209,2014,DET,N,757,1557,155,443,106.0,4.01,1475,127,462,1244,101,55
1210,2014,HOU,N,629,1317,163,495,122.0,4.11,1437,139,484,1137,106,43
1211,2014,KCR,N,651,1456,95,380,153.0,3.51,1386,128,440,1168,104,54
1212,2014,ANA,N,773,1464,155,492,81.0,3.58,1307,126,504,1342,83,60
1213,2014,LAD,N,718,1476,134,519,138.0,3.4,1338,142,429,1373,107,58
1214,2014,FLA,N,645,1399,122,501,58.0,3.78,1481,114,458,1190,97,47
1215,2014,MIL,N,650,1366,150,423,102.0,3.67,1386,167,431,1246,99,50
1216,2014,MIN,N,715,1412,128,544,99.0,4.57,1588,147,408,1031,97,43
1217,2014,NYY,N,633,1349,147,452,112.0,3.75,1392,164,398,1370,92,51
1218,2014,NYM,N,629,1306,125,516,101.0,3.49,1370,141,509,1303,104,48
1219,2014,OAK,N,729,1354,146,586,83.0,3.22,1269,147,406,1244,111,54
1220,2014,PHI,N,619,1356,125,443,109.0,3.79,1396,134,521,1255,83,45
1221,2014,PIT,N,682,1436,156,520,104.0,3.47,1341,128,499,1228,109,54
1222,2014,SDP,N,535,1199,109,468,91.0,3.27,1300,117,462,1284,101,47
1223,2014,SEA,N,634,1328,136,396,96.0,3.17,1240,137,463,1317,82,53
1224,2014,SFG,Y,665,1407,132,427,56.0,3.5,1305,133,389,1211,100,54
1225,2014,STL,N,619,1371,105,471,57.0,3.5,1321,123,470,1221,88,55
1226,2014,TBD,N,612,1361,117,527,63.0,3.56,1292,145,482,1437,88,47
1227,2014,TEX,N,637,1400,111,417,105.0,4.49,1510,160,505,1110,106,41
1228,2014,TOR,N,723,1435,177,502,78.0,4.0,1400,151,490,1199,87,51
1229,2014,WSN,N,686,1403,152,517,101.0,3.03,1351,110,352,1288,100,59
1230,2015,KCR,Y,724,1497,139,383,104.0,3.73,1372,155,489,1160,88,58
1231,2015,MIN,N,696,1349,156,439,70.0,4.07,1506,163,413,1046,86,51
1232,2015,CLE,N,669,1395,141,533,86.0,3.67,1274,161,425,1407,79,50
1233,2015,CHW,N,622,1381,136,404,68.0,3.98,1443,162,474,1359,101,46
1234,2015,DET,N,689,1515,151,455,83.0,4.64,1491,193,489,1100,86,45
1235,2015,TOR,N,891,1480,232,570,88.0,3.8,1353,173,397,1117,88,57
1236,2015,NYY,N,764,1397,212,554,63.0,4.03,1416,182,474,1370,93,53
1237,2015,BAL,N,713,1370,217,418,44.0,4.05,1406,174,483,1233,77,50
1238,2015,TBD,N,644,1383,167,436,87.0,3.74,1314,175,477,1355,95,49
1239,2015,BOS,N,748,1495,161,478,71.0,4.31,1486,178,478,1218,97,48
1240,2015,TEX,N,751,1419,172,503,101.0,4.24,1459,171,508,1095,119,54
1241,2015,HOU,N,729,1363,230,486,121.0,3.57,1308,148,423,1280,85,53
1242,2015,ANA,N,661,1331,176,435,52.0,3.94,1355,166,466,1221,93,52
1243,2015,SEA,N,656,1379,198,478,69.0,4.16,1430,181,491,1283,94,46
1244,2015,OAK,N,694,1405,146,475,78.0,4.14,1402,172,474,1179,126,41
1245,2015,STL,N,647,1386,137,506,69.0,2.94,1359,123,477,1329,96,61
1246,2015,PIT,N,697,1462,140,461,98.0,3.21,1392,110,453,1338,122,60
1247,2015,CHC,N,689,1341,171,567,95.0,3.36,1276,134,407,1431,111,59
1248,2015,MIL,N,655,1378,145,412,84.0,4.28,1432,176,517,1260,116,41
1249,2015,CIN,N,640,1382,167,496,134.0,4.33,1436,177,544,1252,90,39
1250,2015,NYM,N,683,1351,177,488,51.0,3.43,1341,152,383,1337,88,55
1251,2015,WSN,N,703,1363,177,539,57.0,3.62,1366,145,364,1342,90,51
1252,2015,FLA,N,613,1420,120,375,112.0,4.02,1374,141,508,1152,77,43
1253,2015,ATL,N,573,1361,100,471,69.0,4.41,1462,170,550,1148,90,41
1254,2015,PHI,N,626,1374,130,387,88.0,4.69,1592,191,488,1153,117,38
1255,2015,LAD,N,667,1346,187,563,59.0,3.44,1317,145,395,1396,75,56
1256,2015,SFG,N,696,1486,136,457,93.0,3.72,1344,155,431,1165,78,51
1257,2015,ARI,N,720,1494,154,490,132.0,4.04,1450,182,500,1215,86,48
1258,2015,SDP,N,650,1324,148,426,82.0,4.09,1371,171,516,1393,92,45
1259,2015,COL,N,737,1479,186,388,97.0,5.04,1579,183,579,1112,95,41
